Lead_Leg_GRF_mag_max_1_1,Lead_Leg_GRF_max_2_1,Lead_Leg_GRF_min_3_1,Lead_Leg_GRF_mag_Midpoint_FS_Release_4_1,Lead_Leg_GRF@Midpoint_FS_Release_5_1,Lead_Leg_GRF@Midpoint_FS_Release_6_1,Lead_Leg_GRF_Mag@Max_Shoulder_Rot_7_1,Lead_Leg_GRF@Max_Shoulder_Rot_8_1,Lead_Leg_GRF@Max_Shoulder_Rot_9_1,Trunk_COG@Footstrike_10_1,Trunk_COG@Release_11_1,Trunk_COG_Translation_12_1,Trunk_COG@Footstrike_13_1,Trunk_COG@Release_14_1,Trunk_COG_Translation_15_1,HEIGHT_16_1,MASS_17_1
1943.5597,1715.1165,-940.8028,1756.6207,1496.6176,-913.7804,1943.5594,1715.1166,-903.402,0.4349,0.4884,0.0535,1.4344,1.6634,0.229,1.8542,92.0788
2054.1541,1794.2252,-1066.7892,1904.4008,1579.5018,-1060.6439,2054.1541,1792.2659,-991.9835,0.3559,0.4004,0.0445,1.4642,1.6589,0.1947,1.8542,92.0788
1920.7333,1660.8871,-1044.0228,1885.7456,1631.6088,-933.136,1637.3147,1464.7223,-727.0818,0.4375,0.4819,0.0444,1.4545,1.6771,0.2226,1.8542,92.0788
1961.9353,1689.1467,-1054.5642,1871.6211,1574.3168,-995.775,1961.9352,1688.7928,-981.6098,0.4173,0.4573,0.0401,1.5018,1.7126,0.2108,1.8542,92.0788
2095.9343,1810.1151,-1081.374,2062.1594,1753.8594,-1077.7487,2006.9731,1747.4482,-982.1839,0.392,0.4252,0.0332,1.4742,1.6488,0.1745,1.8542,92.0788
1.8542,92.0788,1943.5597,1715.1165,-940.8028,1756.6207,1496.6176,-913.7804,1943.5594,1715.1166,-903.402,0.4349,0.4884,0.0535,1.4344,1.6634,0.229
1.8542,92.0788,2054.1541,1794.2252,-1066.7892,1904.4008,1579.5018,-1060.6439,2054.1541,1792.2659,-991.9835,0.3559,0.4004,0.0445,1.4642,1.6589,0.1947
1.8542,92.0788,1920.7333,1660.8871,-1044.0228,1885.7456,1631.6088,-933.136,1637.3147,1464.7223,-727.0818,0.4375,0.4819,0.0444,1.4545,1.6771,0.2226
1.8542,92.0788,1961.9353,1689.1467,-1054.5642,1871.6211,1574.3168,-995.775,1961.9352,1688.7928,-981.6098,0.4173,0.4573,0.0401,1.5018,1.7126,0.2108
1.8542,92.0788,2095.9343,1810.1151,-1081.374,2062.1594,1753.8594,-1077.7487,2006.9731,1747.4482,-982.1839,0.392,0.4252,0.0332,1.4742,1.6488,0.1745
1.8542,92.0788,1.8542,92.0788,2230.687,2142.2034,-838.2541,1964.8494,1789.7964,-808.6164,1682.5758,1501.8606,-755.619,0.6372,0.718,0.0808,1.2927
1.5052,0.2125,1.7526,77.1103,4596.5674,4552.5327,-1037.5881,1726.1228,1582.9697,-684.9266,1479.5243,1331.3829,-645.2853,0.5855,0.647,0.0615,1.4129
1.5889,0.176,1.7526,77.1103,2851.1287,2759.158,-834.627,1874.3593,1760.767,-641.7741,1477.7771,1335.1669,-625.1683,0.6371,0.7129,0.0758,1.2908
1.5363,0.2454,1.7526,77.1103,2723.9167,2608.2334,-880.1322,2018.3751,1832.3623,-842.1153,1793.1592,1589.1021,-830.7466,0.658,0.7398,0.0818,1.2743
1.4813,0.2071,1.7526,77.1103,2435.9363,2283.8745,-859.3866,1982.9969,1818.9358,-784.4814,1584.0963,1415.3773,-710.894,0.6161,0.6841,0.068,1.3194
1.5397,0.2203,1.7526,77.1103,1.7526,77.1103,2230.687,2142.2034,-838.2541,1964.8494,1789.7964,-808.6164,1682.5758,1501.8606,-755.619,0.6372,0.718
0.0808,1.2927,1.5052,0.2125,1.7526,77.1103,4596.5674,4552.5327,-1037.5881,1726.1228,1582.9697,-684.9266,1479.5243,1331.3829,-645.2853,0.5855,0.647
0.0615,1.4129,1.5889,0.176,1.7526,77.1103,2851.1287,2759.158,-834.627,1874.3593,1760.767,-641.7741,1477.7771,1335.1669,-625.1683,0.6371,0.7129
0.0758,1.2908,1.5363,0.2454,1.7526,77.1103,2723.9167,2608.2334,-880.1322,2018.3751,1832.3623,-842.1153,1793.1592,1589.1021,-830.7466,0.658,0.7398
0.0818,1.2743,1.4813,0.2071,1.7526,77.1103,2435.9363,2283.8745,-859.3866,1982.9969,1818.9358,-784.4814,1584.0963,1415.3773,-710.894,0.6161,0.6841
0.068,1.3194,1.5397,0.2203,1.7526,77.1103,1.7526,77.1103,1869.9553,1616.9719,-983.9408,1803.9309,1534.6332,-944.7059,1862.8903,1604.0901,-947.0904
0.3348,0.3323,-0.0025,1.4417,1.9024,0.4607,1.8034,86.1821,1782.5817,1547.2563,-912.4744,1749.0509,1502.0314,-894.6067,1769.4054,1543.078,-864.7471
0.3261,0.3301,0.004,1.4722,1.9179,0.4457,1.8034,86.1821,1814.3848,1575.0717,-900.1753,1703.4928,1471.5728,-858.0021,1784.66,1563.1422,-858.5285
0.3313,0.2954,-0.0359,1.4382,1.9093,0.4711,1.8034,86.1821,1864.5079,1592.9733,-969.2982,1849.9299,1582.3604,-955.8716,1802.3344,1570.1272,-884.6283
0.3416,0.344,0.0023,1.4853,1.9371,0.4518,1.8034,86.1821,1856.6661,1606.6422,-931.2816,1781.3901,1535.6587,-901.9466,1799.2393,1580.2441,-859.0788
0.3621,0.3724,0.0103,1.4771,1.922,0.4449,1.8034,86.1821,1.8034,86.1821,1869.9553,1616.9719,-983.9408,1803.9309,1534.6332,-944.7059,1862.8903
1604.0901,-947.0904,0.3348,0.3323,-0.0025,1.4417,1.9024,0.4607,1.8034,86.1821,1782.5817,1547.2563,-912.4744,1749.0509,1502.0314,-894.6067,1769.4054
1543.078,-864.7471,0.3261,0.3301,0.004,1.4722,1.9179,0.4457,1.8034,86.1821,1814.3848,1575.0717,-900.1753,1703.4928,1471.5728,-858.0021,1784.66
1563.1422,-858.5285,0.3313,0.2954,-0.0359,1.4382,1.9093,0.4711,1.8034,86.1821,1864.5079,1592.9733,-969.2982,1849.9299,1582.3604,-955.8716,1802.3344
1570.1272,-884.6283,0.3416,0.344,0.0023,1.4853,1.9371,0.4518,1.8034,86.1821,1856.6661,1606.6422,-931.2816,1781.3901,1535.6587,-901.9466,1799.2393
1580.2441,-859.0788,0.3621,0.3724,0.0103,1.4771,1.922,0.4449,1.8034,86.1821,1.8034,86.1821,2326.2261,2106.3928,-1063.1477,2317.3167,2076.7278
-1025.9976,2175.8882,1898.7572,-1059.5867,0.5045,0.475,-0.0294,1.5305,1.7707,0.2402,1.905,97.5219,2294.8052,2047.8365,-1030.264,2251.8325,2018.0051
-987.2567,2166.7622,1912.0576,-1018.8451,0.4998,0.4892,-0.0106,1.4815,1.7452,0.2637,1.905,97.5219,2586.9619,2248.0374,-1271.2108,2466.8855,2118.5325
-1244.4664,2534.7078,2189.7732,-1264.3403,0.4517,0.4169,-0.0348,1.5216,1.7941,0.2725,1.905,97.5219,2465.0083,2160.313,-1195.9225,2449.6018,2160.3132
-1146.1277,2326.5864,2001.1288,-1186.6145,0.4801,0.4571,-0.0229,1.5233,1.7997,0.2764,1.905,97.5219,2302.5742,1908.0686,-1288.8191,0.5063,0.4701
-0.0361,1.4908,1.7994,0.3085,1.905,97.5219,1.905,97.5219,2326.2261,2106.3928,-1063.1477,2317.3167,2076.7278,-1025.9976,2175.8882,1898.7572,-1059.5867
0.5045,0.475,-0.0294,1.5305,1.7707,0.2402,1.905,97.5219,2294.8052,2047.8365,-1030.264,2251.8325,2018.0051,-987.2567,2166.7622,1912.0576,-1018.8451
0.4998,0.4892,-0.0106,1.4815,1.7452,0.2637,1.905,97.5219,2586.9619,2248.0374,-1271.2108,2466.8855,2118.5325,-1244.4664,2534.7078,2189.7732,-1264.3403
0.4517,0.4169,-0.0348,1.5216,1.7941,0.2725,1.905,97.5219,2465.0083,2160.313,-1195.9225,2449.6018,2160.3132,-1146.1277,2326.5864,2001.1288,-1186.6145
0.4801,0.4571,-0.0229,1.5233,1.7997,0.2764,1.905,97.5219,2302.5742,1908.0686,-1288.8191,0.5063,0.4701,-0.0361,1.4908,1.7994,0.3085
1.905,97.5219,1.905,97.5219,2904.9651,2753.1475,-1357.1757,2456.7322,2175.6702,-1104.9845,1983.5549,1622.2449,-1140.2749,0.4003,0.393,-0.0074,1.5449
1.8383,0.2934,1.8796,92.9859,3568.436,3325.7998,-1356.9719,2832.9675,2499.6829,-1307.1085,1827.3354,1472.3915,-1081.4669,0.4037,0.3892,-0.0145,1.5761
1.8792,0.3031,1.8796,92.9859,3167.5486,2986.8303,-1357.3947,2607.4324,2223.1162,-1336.1212,1847.1155,1459.7314,-1131.8125,0.4077,0.3939,-0.0138,1.5733
1.8867,0.3135,1.8796,92.9859,2701.228,2521.3425,-1326.6643,2411.5925,2133.5144,-1089.0425,2014.1194,1655.7356,-1146.7418,0.3866,0.3808,-0.0057,1.5462
1.8527,0.3065,1.8796,92.9859,3546.7312,3272.2981,-1372.205,2539.623,2150.8494,-1338.9924,1881.8541,1489.6082,-1141.3102,0.3772,0.3751,-0.0021,1.6
1.8809,0.2809,1.8796,92.9859,1.8796,92.9859,2904.9651,2753.1475,-1357.1757,2456.7322,2175.6702,-1104.9845,1983.5549,1622.2449,-1140.2749,0.4003,0.393
-0.0074,1.5449,1.8383,0.2934,1.8796,92.9859,3568.436,3325.7998,-1356.9719,2832.9675,2499.6829,-1307.1085,1827.3354,1472.3915,-1081.4669,0.4037,0.3892
-0.0145,1.5761,1.8792,0.3031,1.8796,92.9859,3167.5486,2986.8303,-1357.3947,2607.4324,2223.1162,-1336.1212,1847.1155,1459.7314,-1131.8125,0.4077,0.3939
-0.0138,1.5733,1.8867,0.3135,1.8796,92.9859,2701.228,2521.3425,-1326.6643,2411.5925,2133.5144,-1089.0425,2014.1194,1655.7356,-1146.7418,0.3866,0.3808
-0.0057,1.5462,1.8527,0.3065,1.8796,92.9859,3546.7312,3272.2981,-1372.205,2539.623,2150.8494,-1338.9924,1881.8541,1489.6082,-1141.3102,0.3772,0.3751
-0.0021,1.6,1.8809,0.2809,1.8796,92.9859,1.8796,92.9859,1925.0372,1722.7146,-995.6956,1660.7428,1346.8961,-969.1476,1808.3683,1592.8689,-856.1074
0.321,0.2872,-0.0338,1.3733,1.7522,0.379,1.778,86.1821,1872.0297,1653.3003,-885.5333,1805.9905,1579.2112,-872.8849,1736.7775,1525.249,-830.6638
0.2522,0.2294,-0.0229,1.343,1.6984,0.3554,1.778,86.1821,1845.986,1619.0291,-892.5287,1792.2922,1563.2826,-876.5933,1771.6309,1557.189,-842.6097
0.2842,0.2465,-0.0378,1.4057,1.7371,0.3314,1.778,86.1821,1862.4972,1623.4175,-912.9167,1595.0537,1353.0181,-842.603,1854.271,1619.2731,-903.3031
0.2688,0.229,-0.0399,1.3517,1.7401,0.3884,1.778,86.1821,1982.7794,1751.1162,-932.001,1696.078,1465.1112,-854.1201,1866.4269,1634.3276,-900.1095
0.2411,0.2019,-0.0392,1.3516,1.711,0.3594,1.778,86.1821,1.778,86.1821,1925.0372,1722.7146,-995.6956,1660.7428,1346.8961,-969.1476,1808.3683
1592.8689,-856.1074,0.321,0.2872,-0.0338,1.3733,1.7522,0.379,1.778,86.1821,1872.0297,1653.3003,-885.5333,1805.9905,1579.2112,-872.8849,1736.7775
1525.249,-830.6638,0.2522,0.2294,-0.0229,1.343,1.6984,0.3554,1.778,86.1821,1845.986,1619.0291,-892.5287,1792.2922,1563.2826,-876.5933,1771.6309
1557.189,-842.6097,0.2842,0.2465,-0.0378,1.4057,1.7371,0.3314,1.778,86.1821,1862.4972,1623.4175,-912.9167,1595.0537,1353.0181,-842.603,1854.271
1619.2731,-903.3031,0.2688,0.229,-0.0399,1.3517,1.7401,0.3884,1.778,86.1821,1982.7794,1751.1162,-932.001,1696.078,1465.1112,-854.1201,1866.4269
1634.3276,-900.1095,0.2411,0.2019,-0.0392,1.3516,1.711,0.3594,1.778,86.1821,1.778,86.1821,2088.2607,1913.0856,-835.2231,1902.7319,1736.7628
-753.6854,2047.4987,1866.7955,-829.1488,0.4041,0.4453,0.0412,1.3881,1.6629,0.2748,1.905,90.718,2183.8042,2013.0156,-879.588,1999.2635,1833.0325
-773.0367,2154.0417,1971.7206,-856.9049,0.4399,0.4833,0.0435,1.377,1.6201,0.2432,1.905,90.718,2117.8535,1940.8298,-906.3591,1946.1067,1777.0066
-756.733,2069.9255,1890.9999,-823.1199,0.4156,0.4485,0.0329,1.3783,1.6347,0.2564,1.905,90.718,2137.8193,1960.7592,-854.7811,1875.9641,1715.3696
-733.648,2125.3577,1944.9397,-838.5884,0.3955,0.4422,0.0467,1.3278,1.5962,0.2684,1.905,90.718,1.905,90.718,2088.2607,1913.0856,-835.2231
1902.7319,1736.7628,-753.6854,2047.4987,1866.7955,-829.1488,0.4041,0.4453,0.0412,1.3881,1.6629,0.2748,1.905,90.718,2183.8042,2013.0156,-879.588
1999.2635,1833.0325,-773.0367,2154.0417,1971.7206,-856.9049,0.4399,0.4833,0.0435,1.377,1.6201,0.2432,1.905,90.718,2117.8535,1940.8298,-906.3591
1946.1067,1777.0066,-756.733,2069.9255,1890.9999,-823.1199,0.4156,0.4485,0.0329,1.3783,1.6347,0.2564,1.905,90.718,2137.8193,1960.7592,-854.7811
1875.9641,1715.3696,-733.648,2125.3577,1944.9397,-838.5884,0.3955,0.4422,0.0467,1.3278,1.5962,0.2684,1.905,90.718,1.905,90.718,2469.585
2133.5264,-1237.8333,2466.3787,2126.8333,-1237.8325,2127.7622,1854.7083,-1022.7853,0.1482,0.1471,-0.0011,1.5287,1.8337,0.305,1.9558,91.6252,2273.7451
1885.8573,-1278.9178,2273.7451,1885.8578,-1269.1735,2191.918,1832.1068,-1195.0568,0.2004,0.2246,0.0242,1.5298,1.8779,0.3481,1.9558,91.6252,2341.342
1986.5736,-1236.8799,2269.9106,1931.5685,-1188.3467,2149.6682,1850.7457,-1081.5277,0.1704,0.162,-0.0084,1.5571,1.8887,0.3316,1.9558,91.6252,2601.2446
2227.3486,-1353.7391,2601.2446,2227.3491,-1336.0024,2232.2083,1890.9156,-1169.803,0.1696,0.1715,0.0019,1.5496,1.8487,0.2991,1.9558,91.6252,2447.146
2037.4956,-1353.3409,2442.0044,2031.4608,-1351.592,2241.6709,1884.8342,-1206.0123,0.1892,0.1751,-0.0141,1.56,1.8845,0.3245,1.9558,91.6252,1.9558
91.6252,2469.585,2133.5264,-1237.8333,2466.3787,2126.8333,-1237.8325,2127.7622,1854.7083,-1022.7853,0.1482,0.1471,-0.0011,1.5287,1.8337,0.305,1.9558
91.6252,2273.7451,1885.8573,-1278.9178,2273.7451,1885.8578,-1269.1735,2191.918,1832.1068,-1195.0568,0.2004,0.2246,0.0242,1.5298,1.8779,0.3481,1.9558
91.6252,2341.342,1986.5736,-1236.8799,2269.9106,1931.5685,-1188.3467,2149.6682,1850.7457,-1081.5277,0.1704,0.162,-0.0084,1.5571,1.8887,0.3316,1.9558
91.6252,2601.2446,2227.3486,-1353.7391,2601.2446,2227.3491,-1336.0024,2232.2083,1890.9156,-1169.803,0.1696,0.1715,0.0019,1.5496,1.8487,0.2991,1.9558
91.6252,2447.146,2037.4956,-1353.3409,2442.0044,2031.4608,-1351.592,2241.6709,1884.8342,-1206.0123,0.1892,0.1751,-0.0141,1.56,1.8845,0.3245,1.9558
91.6252,1.9558,91.6252,1797.9547,1579.6528,-857.5944,1603.4078,1409.6093,-763.1099,1797.3121,1579.6531,-855.6964,0.6235,0.6485,0.025,1.5034,1.8156
0.3122,1.905,77.1103,1917.3586,1772.418,-884.782,1777.7477,1563.8362,-841.8013,1820.234,1591.9458,-881.0284,0.6262,0.6463,0.0202,1.6169,1.8819
0.265,1.905,77.1103,1970.676,1901.6074,-857.7571,1659.3164,1498.2211,-710.3252,1750.3381,1557.0918,-798.3054,0.6601,0.6858,0.0258,1.5275,1.8273
0.2999,1.905,77.1103,1692.1892,1477.3654,-821.1562,1560.9779,1394.8478,-693.9684,1673.2572,1466.2958,-801.5891,0.6019,0.6204,0.0185,1.5426,1.853
0.3105,1.905,77.1103,1717.1403,1527.8269,-817.9453,1613.5905,1442.0039,-722.1871,1703.0035,1500.2261,-804.5877,0.4939,0.5382,0.0443,1.5325,1.8378
0.3053,1.905,77.1103,1.905,77.1103,1797.9547,1579.6528,-857.5944,1603.4078,1409.6093,-763.1099,1797.3121,1579.6531,-855.6964,0.6235,0.6485,0.025
1.5034,1.8156,0.3122,1.905,77.1103,1917.3586,1772.418,-884.782,1777.7477,1563.8362,-841.8013,1820.234,1591.9458,-881.0284,0.6262,0.6463,0.0202
1.6169,1.8819,0.265,1.905,77.1103,1970.676,1901.6074,-857.7571,1659.3164,1498.2211,-710.3252,1750.3381,1557.0918,-798.3054,0.6601,0.6858,0.0258
1.5275,1.8273,0.2999,1.905,77.1103,1692.1892,1477.3654,-821.1562,1560.9779,1394.8478,-693.9684,1673.2572,1466.2958,-801.5891,0.6019,0.6204,0.0185
1.5426,1.853,0.3105,1.905,77.1103,1717.1403,1527.8269,-817.9453,1613.5905,1442.0039,-722.1871,1703.0035,1500.2261,-804.5877,0.4939,0.5382,0.0443
1.5325,1.8378,0.3053,1.905,77.1103,1.905,77.1103,2.1049,1.8852,-0.9536,1.572,0.286,0.3407,0.0547,1.3255,1.6901,0.3647
1.8796,86.1821,2.3055,2.0191,-1.1157,1.6267,0.292,0.3331,0.0411,1.4736,1.7964,0.3227,1.8796,86.1821,2.4703,2.1548,-1.208
1.7858,0.3003,0.3386,0.0384,1.4022,1.7176,0.3154,1.8796,86.1821,2.2987,2.0077,-1.123,1.8931,0.3366,0.3851,0.0485,1.3944
1.7186,0.3242,1.8796,86.1821,2.4985,2.2135,-1.1584,1.7749,0.3439,0.3895,0.0456,1.3952,1.7105,0.3153,1.8796,86.1821,2.3057
2.0283,-1.0914,1.6484,0.2775,0.3218,0.0443,1.4241,1.794,0.3699,1.905,86.1821,2.5164,2.2012,-1.2109,1.7509,0.24,0.2951
0.0551,1.4863,1.8217,0.3354,1.905,86.1821,2.4177,2.1066,-1.1935,1.8648,0.222,0.2563,0.0343,1.4647,1.7824,0.3178,1.905
86.1821,2.364,2.0433,-1.1798,1.6946,0.1917,0.2405,0.0488,1.4431,1.7999,0.3568,1.905,86.1821,2.3857,2.0859,-1.1513,1.9451
0.1984,0.2363,0.038,1.4222,1.7717,0.3496,1.905,86.1821,1.8796,86.1821,1.905,86.1821,2.1049,1.8852,-0.9536,1.572,0.286
0.3407,0.0547,1.3255,1.6901,0.3647,1.8796,86.1821,2.3055,2.0191,-1.1157,1.6267,0.292,0.3331,0.0411,1.4736,1.7964,0.3227
1.8796,86.1821,2.4703,2.1548,-1.208,1.7858,0.3003,0.3386,0.0384,1.4022,1.7176,0.3154,1.8796,86.1821,2.2987,2.0077,-1.123
1.8931,0.3366,0.3851,0.0485,1.3944,1.7186,0.3242,1.8796,86.1821,2.4985,2.2135,-1.1584,1.7749,0.3439,0.3895,0.0456,1.3952
1.7105,0.3153,1.8796,86.1821,1.8796,86.1821,1822.8108,1675.5811,-820.2823,1710.6636,1532.4095,-754.3021,1769.348,1585.1301,-786.0192,0.4509,0.5501
0.0992,1.5886,1.9483,0.3597,1.8796,86.1821,1862.843,1755.5767,-878.9839,1846.7229,1670.1166,-784.2839,1770.5892,1600.3657,-754.6218,0.4254,0.5234
0.098,1.6138,1.9453,0.3316,1.8796,86.1821,1880.2299,1755.8698,-894.0483,1835.175,1652.6858,-795.6123,1808.0607,1619.993,-801.9124,0.4707,0.5616
0.0909,1.6161,1.9445,0.3284,1.8796,86.1821,1846.2087,1691.6266,-778.4725,1804.1028,1648.6582,-728.8232,1745.6541,1605.8728,-683.1432,0.3809,0.4864
0.1054,1.5038,1.8064,0.3025,1.8796,86.1821,2109.4341,1980.3385,-935.3808,1913.2373,1707.1324,-858.9723,1787.1548,1586.1104,-822.0939,0.4174,0.5122
0.0948,1.6522,1.9651,0.3129,1.8796,86.1821,1888.0366,1737.0981,-965.5575,1854.1506,1710.129,-711.3579,1733.7156,1546.5221,-783.0635,0.4777,0.558
0.0803,1.6304,1.9556,0.3252,1.8796,86.1821,1.8796,86.1821,1822.8108,1675.5811,-820.2823,1710.6636,1532.4095,-754.3021,1769.348,1585.1301,-786.0192
0.4509,0.5501,0.0992,1.5886,1.9483,0.3597,1.8796,86.1821,1862.843,1755.5767,-878.9839,1846.7229,1670.1166,-784.2839,1770.5892,1600.3657,-754.6218
0.4254,0.5234,0.098,1.6138,1.9453,0.3316,1.8796,86.1821,1880.2299,1755.8698,-894.0483,1835.175,1652.6858,-795.6123,1808.0607,1619.993,-801.9124
0.4707,0.5616,0.0909,1.6161,1.9445,0.3284,1.8796,86.1821,1846.2087,1691.6266,-778.4725,1804.1028,1648.6582,-728.8232,1745.6541,1605.8728,-683.1432
0.3809,0.4864,0.1054,1.5038,1.8064,0.3025,1.8796,86.1821,2109.4341,1980.3385,-935.3808,1913.2373,1707.1324,-858.9723,1787.1548,1586.1104,-822.0939
0.4174,0.5122,0.0948,1.6522,1.9651,0.3129,1.8796,86.1821,1888.0366,1737.0981,-965.5575,1854.1506,1710.129,-711.3579,1733.7156,1546.5221,-783.0635
0.4777,0.558,0.0803,1.6304,1.9556,0.3252,1.8796,86.1821,1.8796,86.1821,2.2027,2.0201,-0.8784,1.6773,0.3343,0.403,0.0687
1.4393,1.7631,0.3239,1.905,85.7285,2.1513,1.9633,-0.9183,1.8875,0.1967,0.2753,0.0785,1.452,1.768,0.316,1.905,85.7285
2.2421,2.0488,-0.9085,1.7648,0.2066,0.292,0.0854,1.4273,1.7558,0.3285,1.905,85.7285,2.1459,1.9619,-0.8992,1.8792,0.2791
0.3696,0.0905,1.4496,1.7707,0.321,1.905,85.7285,1.8839,1.7071,-0.9319,1.8071,0.2385,0.3038,0.0653,1.4232,1.7337,0.3106
1.905,85.7285,1.905,85.7285,2.2027,2.0201,-0.8784,1.6773,0.3343,0.403,0.0687,1.4393,1.7631,0.3239,1.905,85.7285,2.1513
1.9633,-0.9183,1.8875,0.1967,0.2753,0.0785,1.452,1.768,0.316,1.905,85.7285,2.2421,2.0488,-0.9085,1.7648,0.2066,0.292
0.0854,1.4273,1.7558,0.3285,1.905,85.7285,2.1459,1.9619,-0.8992,1.8792,0.2791,0.3696,0.0905,1.4496,1.7707,0.321,1.905
85.7285,1.8839,1.7071,-0.9319,1.8071,0.2385,0.3038,0.0653,1.4232,1.7337,0.3106,1.905,85.7285,1.905,85.7285,2.2095,1.9204
-1.1295,2.0734,0.301,0.3065,0.0056,1.5295,1.9776,0.4481,1.8796,87.9965,2.2092,1.9043,-1.1509,2.0969,0.2813,0.2914,0.0101
1.5402,1.9705,0.4304,1.8796,87.9965,2.1573,1.8574,-1.1262,2.0893,0.2958,0.2982,0.0024,1.5818,1.9924,0.4106,1.8796,87.9965
2.185,1.8833,-1.2104,2.0746,0.3174,0.3258,0.0084,1.5018,1.9732,0.4714,1.8796,87.9965,2.2622,1.9512,-1.176,2.1613,0.3023
0.3236,0.0213,1.6056,2.0074,0.4018,1.8796,87.9965,2.1404,1.9162,-0.9661,1.9748,0.3248,0.3186,-0.0062,1.5494,1.9614,0.4119
1.8542,84.3677,2.3274,2.0427,-1.1384,2.1422,0.3269,0.3368,0.0099,1.5542,1.9654,0.4113,1.8542,84.3677,2.2662,2.0141,-1.0461
2.1365,0.3077,0.3176,0.0099,1.5812,1.9593,0.3782,1.8542,84.3677,2.2117,1.9478,-1.0921,2.1369,0.3033,0.3152,0.0119,1.5797
1.9651,0.3854,1.8542,84.3677,2.2173,1.9757,-1.022,2.0989,0.3353,0.3278,-0.0075,1.5679,1.9791,0.4112,1.8542,84.3677,1.8796
87.9965,2.2095,1.9204,-1.1295,2.0734,0.301,0.3065,0.0056,1.5295,1.9776,0.4481,1.8796,87.9965,2.2092,1.9043,-1.1509,2.0969
0.2813,0.2914,0.0101,1.5402,1.9705,0.4304,1.8796,87.9965,2.1573,1.8574,-1.1262,2.0893,0.2958,0.2982,0.0024,1.5818,1.9924
0.4106,1.8796,87.9965,2.185,1.8833,-1.2104,2.0746,0.3174,0.3258,0.0084,1.5018,1.9732,0.4714,1.8796,87.9965,2.2622,1.9512
-1.176,2.1613,0.3023,0.3236,0.0213,1.6056,2.0074,0.4018,1.8796,87.9965,1.8796,87.9965,2.7671,2.4633,-1.2783,2.6027,0.389
0.4526,0.0636,1.5819,1.868,0.2861,1.8542,90.718,2.4309,2.1178,-1.1892,2.0794,0.2493,0.2854,0.0361,1.5139,1.8327,0.3188
1.8542,90.718,3.1563,2.8271,-1.4509,2.6737,0.3443,0.4101,0.0658,1.6023,1.9211,0.3188,1.8542,90.718,2.8668,2.5839,-1.33
2.823,0.2886,0.3333,0.0447,1.5924,1.876,0.2836,1.8542,90.718,2.4251,2.1899,-1.0442,2.2081,0.2245,0.2682,0.0438,1.4647
1.7989,0.3343,1.8542,90.718,2.7671,2.4633,-1.2783,2.6027,0.389,0.4526,0.0636,1.5819,1.868,0.2861,1.8542,90.718,2.4309
2.1178,-1.1892,2.0794,0.2493,0.2854,0.0361,1.5139,1.8327,0.3188,1.8542,90.718,3.1563,2.8271,-1.4509,2.6737,0.3443,0.4101
0.0658,1.6023,1.9211,0.3188,1.8542,90.718,2.8668,2.5839,-1.33,2.823,0.2886,0.3333,0.0447,1.5924,1.876,0.2836,1.8542
90.718,2.4251,2.1899,-1.0442,2.2081,0.2245,0.2682,0.0438,1.4647,1.7989,0.3343,1.8542,90.718,2.1854,1.9529,-0.9816,2.1854
0.5879,0.5365,-0.0514,1.4211,1.8082,0.3871,1.8796,92.9859,2.1961,1.9723,-0.9723,1.7941,0.6146,0.5601,-0.0545,1.4178,1.8757
0.458,1.8796,92.9859,2.1031,1.878,-0.9502,1.8235,0.5825,0.5112,-0.0713,1.4184,1.8471,0.4287,1.8796,92.9859,2.413,2.2322
-1.0148,1.746,0.5872,0.5477,-0.0395,1.4568,1.8309,0.3741,1.8796,92.9859,2.2054,1.9819,-0.9609,1.7737,0.5863,0.5273,-0.059
1.4254,1.8521,0.4266,1.8796,92.9859,2.1854,1.9529,-0.9816,2.1854,0.5879,0.5365,-0.0514,1.4211,1.8082,0.3871,1.8796,92.9859
2.1961,1.9723,-0.9723,1.7941,0.6146,0.5601,-0.0545,1.4178,1.8757,0.458,1.8796,92.9859,2.1031,1.878,-0.9502,1.8235,0.5825
0.5112,-0.0713,1.4184,1.8471,0.4287,1.8796,92.9859,2.413,2.2322,-1.0148,1.746,0.5872,0.5477,-0.0395,1.4568,1.8309,0.3741
1.8796,92.9859,2.2054,1.9819,-0.9609,1.7737,0.5863,0.5273,-0.059,1.4254,1.8521,0.4266,1.8796,92.9859,2.1649,1.9471,-0.9469
1.619,0.3546,0.3808,0.0262,1.3141,1.5307,0.2166,1.905,83.9141,2.1782,1.9635,-0.9452,1.8651,0.3018,0.3254,0.0236,1.2812
1.4901,0.2089,1.905,83.9141,2.3205,2.0764,-1.0324,1.9602,0.3522,0.3776,0.0254,1.3541,1.52,0.1659,1.905,83.9141,2.1523
1.9352,-0.9445,1.6151,0.4097,0.4529,0.0432,1.4408,1.6308,0.19,1.905,83.9141,2.2335,2.0336,-0.9261,1.7369,0.3237,0.3462
0.0225,1.2853,1.504,0.2187,1.905,83.9141,2.1648,1.9725,-0.893,1.8302,0.3326,0.369,0.0364,1.2671,1.5005,0.2334,1.905
83.9141,2.2994,2.0705,-1.0025,1.9837,0.3962,0.4269,0.0307,1.3819,1.5245,0.1426,1.905,83.9141,2.1488,1.955,-0.8862,1.7037
0.395,0.4288,0.0337,1.3361,1.5597,0.2236,1.905,83.9141,2.1947,1.9881,-0.9297,1.8254,0.3719,0.4049,0.033,1.4726,1.6511
0.1786,1.905,83.9141,2.3205,2.0764,-1.0324,1.9602,0.3539,0.3785,0.0246,1.3548,1.5215,0.1667,1.905,83.9141,2.1523,1.9352
-0.9445,1.6151,0.4094,0.4466,0.0372,1.4429,1.6223,0.1794,1.905,83.9141,2.2335,2.0336,-0.9261,1.7369,0.3251,0.3476,0.0225
1.2861,1.5068,0.2207,1.905,83.9141,2.1648,1.9725,-0.893,1.8302,0.3308,0.3676,0.0368,1.2696,1.5038,0.2342,1.905,83.9141
2.2994,2.0705,-1.0025,1.9837,0.3957,0.4261,0.0304,1.3835,1.5271,0.1435,1.905,83.9141,2.1034,1.8294,-1.0513,1.9649,0.5081
0.5581,0.05,1.508,1.7971,0.2891,1.8796,83.9141,2.0641,1.7685,-1.1121,2.0202,0.4975,0.5403,0.0428,1.5004,1.7933,0.2929
1.8796,83.9141,2.0606,1.7679,-1.1052,2.023,0.4729,0.5214,0.0485,1.5319,1.839,0.3071,1.8796,83.9141,2.0608,1.7303,-1.1643
2.0051,0.468,0.5179,0.0498,1.4786,1.7907,0.3121,1.8796,83.9141,1.9533,1.6938,-1.0385,1.8998,0.5087,0.5564,0.0477,1.5111
1.8508,0.3398,1.8796,83.9141,2.1034,1.8294,-1.0513,1.9649,0.5081,0.5581,0.05,1.508,1.7971,0.2891,1.8796,83.9141,2.0641
1.7685,-1.1121,2.0202,0.4975,0.5403,0.0428,1.5004,1.7933,0.2929,1.8796,83.9141,2.0606,1.7679,-1.1052,2.023,0.4729,0.5214
0.0485,1.5319,1.839,0.3071,1.8796,83.9141,2.0608,1.7303,-1.1643,2.0051,0.468,0.5179,0.0498,1.4786,1.7907,0.3121,1.8796
83.9141,1.9533,1.6938,-1.0385,1.8998,0.5087,0.5564,0.0477,1.5111,1.8508,0.3398,1.8796,83.9141,1653.2905,1494.0842,-919.4625,1609.5864
1310.5776,-914.5437,1527.6238,1271.0284,-831.0948,0.3657,0.3877,0.022,1.4261,1.6427,0.2165,1.778,70.76,1713.0989,1543.6971,-825.6165,1609.6704
1395.4456,-786.11,1697.019,1475.1182,-821.9655,0.2541,0.2437,-0.0104,1.4263,1.5961,0.1698,1.778,70.76,1553.4633,1337.8342,-775.3979,1520.7791
1305.5151,-764.4015,1499.9022,1283.7424,-767.2484,0.3408,0.3908,0.05,1.388,1.6568,0.2688,1.778,70.76,1897.0673,1862.2383,-736.8698,1499.8901
1338.9214,-666.2685,1544.6771,1371.2759,-703.2561,0.3389,0.3681,0.0292,1.3933,1.6551,0.2618,1.778,70.76,1747.3695,1506.9419,-873.8394,1618.5186
1389.9658,-804.1215,1736.187,1490.1644,-860.8525,0.3694,0.3963,0.0269,1.4267,1.6393,0.2126,1.778,70.76,1.778,70.76,1653.2905,1494.0842
-919.4625,1609.5864,1310.5776,-914.5437,1527.6238,1271.0284,-831.0948,0.3657,0.3877,0.022,1.4261,1.6427,0.2165,1.778,70.76,1713.0989,1543.6971
-825.6165,1609.6704,1395.4456,-786.11,1697.019,1475.1182,-821.9655,0.2541,0.2437,-0.0104,1.4263,1.5961,0.1698,1.778,70.76,1553.4633,1337.8342
-775.3979,1520.7791,1305.5151,-764.4015,1499.9022,1283.7424,-767.2484,0.3408,0.3908,0.05,1.388,1.6568,0.2688,1.778,70.76,1897.0673,1862.2383
-736.8698,1499.8901,1338.9214,-666.2685,1544.6771,1371.2759,-703.2561,0.3389,0.3681,0.0292,1.3933,1.6551,0.2618,1.778,70.76,1747.3695,1506.9419
-873.8394,1618.5186,1389.9658,-804.1215,1736.187,1490.1644,-860.8525,0.3694,0.3963,0.0269,1.4267,1.6393,0.2126,1.778,70.76,1.778,70.76
3258.8577,3087.6521,-1206.7994,1855.4177,1596.7065,-944.9224,1977.6068,1747.1538,-926.4406,0.1634,0.1319,-0.0315,1.6664,1.9278,0.2614,1.9304,97.5219
3237.7681,3109.5254,-1019.6428,1748.4464,1514.1238,-873.5219,2021.162,1822.7998,-872.7938,0.2083,0.1882,-0.0201,1.6648,1.927,0.2622,1.9304,97.5219
2800.3059,2650.0657,-1006.2593,1809.821,1578.0382,-885.4213,1965.7593,1755.7795,-877.2778,0.1517,0.1157,-0.036,1.645,1.9321,0.2871,1.9304,97.5219
2707.6523,2524.0476,-1015.0444,1846.0875,1607.5762,-907.5065,1982.1331,1761.1895,-907.3991,0.1611,0.1361,-0.0251,1.6955,1.9748,0.2794,1.9304,97.5219
2059.3647,1804.7296,-992.4183,1882.0757,1628.375,-942.6964,1903.8326,1669.7863,-913.8862,0.238,0.2148,-0.0232,1.6496,1.9913,0.3416,1.9304,97.5219
1.9304,97.5219,3258.8577,3087.6521,-1206.7994,1855.4177,1596.7065,-944.9224,1977.6068,1747.1538,-926.4406,0.1634,0.1319,-0.0315,1.6664,1.9278,0.2614
1.9304,97.5219,3237.7681,3109.5254,-1019.6428,1748.4464,1514.1238,-873.5219,2021.162,1822.7998,-872.7938,0.2083,0.1882,-0.0201,1.6648,1.927,0.2622
1.9304,97.5219,2800.3059,2650.0657,-1006.2593,1809.821,1578.0382,-885.4213,1965.7593,1755.7795,-877.2778,0.1517,0.1157,-0.036,1.645,1.9321,0.2871
1.9304,97.5219,2707.6523,2524.0476,-1015.0444,1846.0875,1607.5762,-907.5065,1982.1331,1761.1895,-907.3991,0.1611,0.1361,-0.0251,1.6955,1.9748,0.2794
1.9304,97.5219,2059.3647,1804.7296,-992.4183,1882.0757,1628.375,-942.6964,1903.8326,1669.7863,-913.8862,0.238,0.2148,-0.0232,1.6496,1.9913,0.3416
1.9304,97.5219,1.9304,97.5219,1952.6716,1747.4662,-1033.6013,1931.7546,1709.3756,-897.686,1716.9277,1544.7214,-729.5837,0.3004,0.3591,0.0587,1.333
1.6055,0.2726,1.8288,92.9859,2249.9041,1890.5037,-1215.8335,1982.0319,1734.1143,-956.9058,1854.308,1632.4886,-875.4678,0.2666,0.3106,0.044,1.3393
1.5957,0.2564,1.8288,92.9859,2007.1621,1758.2336,-1041.5612,1824.1938,1628.8702,-816.8826,1766.4547,1568.001,-801.2297,0.2717,0.3357,0.064,1.347
1.6145,0.2675,1.8288,92.9859,1941.0557,1680.6201,-1027.9867,1841.469,1635.7789,-840.5344,1808.6292,1611.3198,-811.3685,0.3223,0.3879,0.0656,1.2936
1.5613,0.2677,1.8288,92.9859,2327.0627,2005.4113,-1177.9862,2005.8846,1766.2025,-946.5065,1919.0077,1701.5074,-882.3349,0.3082,0.3475,0.0393,1.3572
1.6244,0.2672,1.8288,92.9859,1.8288,92.9859,1952.6716,1747.4662,-1033.6013,1931.7546,1709.3756,-897.686,1716.9277,1544.7214,-729.5837,0.3004,0.3591
0.0587,1.333,1.6055,0.2726,1.8288,92.9859,2249.9041,1890.5037,-1215.8335,1982.0319,1734.1143,-956.9058,1854.308,1632.4886,-875.4678,0.2666,0.3106
0.044,1.3393,1.5957,0.2564,1.8288,92.9859,2007.1621,1758.2336,-1041.5612,1824.1938,1628.8702,-816.8826,1766.4547,1568.001,-801.2297,0.2717,0.3357
0.064,1.347,1.6145,0.2675,1.8288,92.9859,1941.0557,1680.6201,-1027.9867,1841.469,1635.7789,-840.5344,1808.6292,1611.3198,-811.3685,0.3223,0.3879
0.0656,1.2936,1.5613,0.2677,1.8288,92.9859,2327.0627,2005.4113,-1177.9862,2005.8846,1766.2025,-946.5065,1919.0077,1701.5074,-882.3349,0.3082,0.3475
0.0393,1.3572,1.6244,0.2672,1.8288,92.9859,1.8288,92.9859,2087.3921,1810.6665,-1126.2167,2064.0127,1800.4628,-1009.1983,1887.72,1662.554,-889.18
0.404,0.4132,0.0093,1.5039,1.8558,0.3519,1.8542,86.1821,2405.2327,2101.3655,-1211.2972,2175.0278,1812.2855,-1198.5079,1868.0475,1629.568,-912.0146
0.4699,0.4821,0.0122,1.4813,1.8021,0.3208,1.8542,86.1821,2296.2517,2028.0522,-1168.7002,2088.3076,1819.776,-1023.5763,1839.235,1605.4167,-894.4019
0.4383,0.4315,-0.0069,1.4595,1.7763,0.3168,1.8542,86.1821,2242.6309,1942.4968,-1167.0621,2133.2043,1851.012,-1059.4629,1865.3553,1633.0383,-899.7835
0.4538,0.4464,-0.0074,1.4647,1.7824,0.3177,1.8542,86.1821,2093.1609,1806.212,-1131.6035,2068.2937,1806.2122,-1007.5929,1879.96,1646.9803,-902.8616
0.4296,0.4335,0.0038,1.4522,1.8003,0.3481,1.8542,86.1821,1.8542,86.1821,2087.3921,1810.6665,-1126.2167,2064.0127,1800.4628,-1009.1983,1887.72
1662.554,-889.18,0.404,0.4132,0.0093,1.5039,1.8558,0.3519,1.8542,86.1821,2405.2327,2101.3655,-1211.2972,2175.0278,1812.2855,-1198.5079,1868.0475
1629.568,-912.0146,0.4699,0.4821,0.0122,1.4813,1.8021,0.3208,1.8542,86.1821,2296.2517,2028.0522,-1168.7002,2088.3076,1819.776,-1023.5763,1839.235
1605.4167,-894.4019,0.4383,0.4315,-0.0069,1.4595,1.7763,0.3168,1.8542,86.1821,2242.6309,1942.4968,-1167.0621,2133.2043,1851.012,-1059.4629,1865.3553
1633.0383,-899.7835,0.4538,0.4464,-0.0074,1.4647,1.7824,0.3177,1.8542,86.1821,2093.1609,1806.212,-1131.6035,2068.2937,1806.2122,-1007.5929,1879.96
1646.9803,-902.8616,0.4296,0.4335,0.0038,1.4522,1.8003,0.3481,1.8542,86.1821,1.8542,86.1821,2.7265,2.3356,-1.4045,2.2299,0.7219
0.7619,0.0401,1.4122,1.7168,0.3047,1.8288,83.007,2.6858,2.2565,-1.4607,2.4329,0.7285,0.7465,0.018,1.3997,1.715,0.3153
1.8288,83.007,2.5712,2.2063,-1.3303,2.3077,0.7243,0.7504,0.0261,1.4127,1.7376,0.325,1.8288,83.007,2.5877,2.1871,-1.4014
2.3195,0.7734,0.8058,0.0324,1.3915,1.7286,0.3371,1.8288,83.007,2.7359,2.328,-1.4357,2.3889,0.6699,0.694,0.0241,1.405
1.7262,0.3212,1.8288,83.007,1.8288,83.007,2.7265,2.3356,-1.4045,2.2299,0.7219,0.7619,0.0401,1.4122,1.7168,0.3047,1.8288
83.007,2.6858,2.2565,-1.4607,2.4329,0.7285,0.7465,0.018,1.3997,1.715,0.3153,1.8288,83.007,2.5712,2.2063,-1.3303,2.3077
0.7243,0.7504,0.0261,1.4127,1.7376,0.325,1.8288,83.007,2.5877,2.1871,-1.4014,2.3195,0.7734,0.8058,0.0324,1.3915,1.7286
0.3371,1.8288,83.007,2.7359,2.328,-1.4357,2.3889,0.6699,0.694,0.0241,1.405,1.7262,0.3212,1.8288,83.007,1.8288,83.007
2.7005,2.469,-1.0915,2.5395,0.4332,0.47,0.0368,1.4122,1.6715,0.2593,1.8796,82.5534,3.3212,2.9897,-1.6338,2.3396,0.3943
0.4397,0.0454,1.5446,1.7984,0.2538,1.8796,82.5534,3.1508,2.9193,-1.4849,2.2919,0.3566,0.3958,0.0393,1.5396,1.8122,0.2726
1.8796,82.5534,3.3404,2.9726,-1.6573,2.0684,0.4348,0.4905,0.0557,1.4584,1.7107,0.2523,1.8796,82.5534,3.8168,3.4184,-1.8242
2.3722,0.3772,0.4275,0.0504,1.486,1.744,0.258,1.8796,82.5534,2.7005,2.469,-1.0915,2.5395,0.4332,0.47,0.0368,1.4122
1.6715,0.2593,1.8796,82.5534,3.3212,2.9897,-1.6338,2.3396,0.3943,0.4397,0.0454,1.5446,1.7984,0.2538,1.8796,82.5534,3.1508
2.9193,-1.4849,2.2919,0.3566,0.3958,0.0393,1.5396,1.8122,0.2726,1.8796,82.5534,3.3404,2.9726,-1.6573,2.0684,0.4348,0.4905
0.0557,1.4584,1.7107,0.2523,1.8796,82.5534,3.8168,3.4184,-1.8242,2.3722,0.3772,0.4275,0.0504,1.486,1.744,0.258,1.8796
82.5534,1.9782,1.8901,-0.8622,1.8897,0.3944,0.4167,0.0223,1.5269,1.9349,0.408,1.8542,110.222,2.0727,1.849,-0.9471,1.5903
0.3824,0.393,0.0106,1.3958,1.8895,0.4937,1.8542,110.222,2.102,1.8836,-0.9503,1.8368,0.3146,0.3276,0.0129,1.4983,1.9118
0.4135,1.8542,110.222,2.103,1.8599,-0.9943,1.9316,0.3782,0.4037,0.0255,1.5406,1.9272,0.3866,1.8542,110.222,2.5629,2.3891
-1.2377,1.857,0.3527,0.3731,0.0204,1.5552,1.9222,0.367,1.8542,110.222,1.9782,1.8901,-0.8622,1.8897,0.3944,0.4167,0.0223
1.5269,1.9349,0.408,1.8542,110.222,2.0727,1.849,-0.9471,1.5903,0.3824,0.393,0.0106,1.3958,1.8895,0.4937,1.8542,110.222
2.102,1.8836,-0.9503,1.8368,0.3146,0.3276,0.0129,1.4983,1.9118,0.4135,1.8542,110.222,2.103,1.8599,-0.9943,1.9316,0.3782
0.4037,0.0255,1.5406,1.9272,0.3866,1.8542,110.222,2.5629,2.3891,-1.2377,1.857,0.3527,0.3731,0.0204,1.5552,1.9222,0.367
1.8542,110.222,1.8753,1.6437,-0.8949,1.8128,0.3772,0.4241,0.047,1.3372,1.6013,0.2641,1.8542,81.6462,1.8314,1.586,-0.9065
1.6647,0.3293,0.3457,0.0164,1.3064,1.5794,0.2729,1.8542,81.6462,1.9441,1.696,-1.0126,1.9431,0.309,0.329,0.0201,1.3339
1.5821,0.2482,1.8542,81.6462,1.9139,1.6652,-1.0268,1.7563,0.3301,0.3556,0.0254,1.2922,1.5633,0.2711,1.8542,81.6462,1.8193
1.5757,-0.9027,1.6561,0.437,0.4842,0.0471,1.3224,1.6126,0.2902,1.8542,81.6462,1.8978,1.6342,-0.9982,1.8538,0.3685,0.4014
0.033,1.4102,1.6228,0.2126,1.8542,81.6462,1.8287,1.6,-0.8994,1.7241,0.3629,0.4045,0.0415,1.3373,1.5773,0.2401,1.8542
81.6462,1.8002,1.5935,-0.8891,1.7348,0.369,0.4077,0.0387,1.2999,1.541,0.2412,1.8542,81.6462,1.8747,1.6396,-0.8929,1.6086
0.3033,0.3366,0.0333,1.256,1.5561,0.3001,1.8542,81.6462,1.9441,1.696,-1.0126,1.9431,0.311,0.3287,0.0177,1.3326,1.5815
0.2489,1.8542,81.6462,1.9139,1.6652,-1.0268,1.7563,0.3303,0.3603,0.03,1.2942,1.5639,0.2697,1.8542,81.6462,1.8193,1.5757
-0.9027,1.6561,0.4377,0.4884,0.0507,1.3227,1.6137,0.291,1.8542,81.6462,1.8978,1.6342,-0.9982,1.8538,0.3677,0.4049,0.0373
1.4095,1.6241,0.2146,1.8542,81.6462,1.8287,1.6,-0.8994,1.7241,0.364,0.4003,0.0363,1.3376,1.576,0.2384,1.8542,81.6462
2.423,2.0066,-1.324,2.2942,0.4174,0.5115,0.0941,1.3249,1.6659,0.341,1.8542,104.326,2.4445,2.0256,-1.3201,2.3237,0.4418
0.5323,0.0905,1.3022,1.6452,0.343,1.8542,104.326,2.4446,2.0162,-1.3253,2.4236,0.4674,0.5554,0.088,1.2665,1.6081,0.3416
1.8542,104.326,2.4055,2.0052,-1.3251,2.2552,0.4603,0.5327,0.0724,1.2842,1.6157,0.3315,1.8542,104.326,2.4534,1.9946,-1.326
2.3873,0.5128,0.5657,0.0529,1.3999,1.6759,0.276,1.8542,104.326,2.423,2.0066,-1.324,2.2942,0.421,0.5112,0.0902,1.3227
1.6643,0.3416,1.8542,104.326,2.4445,2.0256,-1.3201,2.3237,0.4446,0.5364,0.0918,1.3067,1.6496,0.3429,1.8542,104.326,2.4446
2.0162,-1.3253,2.4236,0.4733,0.5541,0.0808,1.2639,1.6129,0.349,1.8542,104.326,2.4055,2.0052,-1.3251,2.2552,0.4603,0.5353
0.075,1.2815,1.6145,0.333,1.8542,104.326,2.4534,1.9946,-1.326,2.3883,0.5188,0.5666,0.0478,1.4082,1.679,0.2708,1.8542
104.326,2.3258,2.0499,-1.0884,2.1359,0.4597,0.5172,0.0576,1.398,1.685,0.287,1.8796,82.5534,2.772,2.5099,-1.2814,2.0316
0.3913,0.4376,0.0463,1.4407,1.7043,0.2635,1.8796,82.5534,2.3659,2.0807,-1.1358,2.0717,0.3794,0.428,0.0486,1.4305,1.7013
0.2708,1.8796,82.5534,2.3576,2.0513,-1.231,2.234,0.3458,0.4056,0.0598,1.4688,1.76,0.2912,1.8796,82.5534,2.6967,2.4241
-1.3524,2.1508,0.3833,0.4215,0.0382,1.4655,1.7454,0.2799,1.8796,82.5534,2.3258,2.0499,-1.0884,2.1359,0.4597,0.5172,0.0576
1.398,1.685,0.287,1.8796,82.5534,2.772,2.5099,-1.2814,2.0316,0.3913,0.4376,0.0463,1.4407,1.7043,0.2635,1.8796,82.5534
2.3659,2.0807,-1.1358,2.0717,0.3794,0.428,0.0486,1.4305,1.7013,0.2708,1.8796,82.5534,2.3576,2.0513,-1.231,2.234,0.3458
0.4056,0.0598,1.4688,1.76,0.2912,1.8796,82.5534,2.6967,2.4241,-1.3524,2.1508,0.3833,0.4215,0.0382,1.4655,1.7454,0.2799
1.8796,82.5534,2.1594,1.9937,-0.8271,1.5729,0.2297,0.2342,0.0044,1.3445,1.5199,0.1754,1.778,83.9141,1.8158,1.5972,-0.8771
1.6609,0.345,0.3367,-0.0084,1.2448,1.4689,0.2241,1.778,83.9141,1.8062,1.6616,-0.7627,1.6142,0.1876,0.1793,-0.0083,1.3042
1.5443,0.2401,1.778,83.9141,1.8932,1.6938,-0.8699,1.8313,0.2324,0.2228,-0.0096,1.2779,1.5229,0.2451,1.778,83.9141,1.648
1.448,-0.8165,1.4981,0.3732,0.3679,-0.0053,1.2091,1.4969,0.2879,1.778,83.9141,2.1594,1.9937,-0.8271,1.5729,0.2297,0.2342
0.0044,1.3445,1.5199,0.1754,1.778,83.9141,1.8158,1.5972,-0.8771,1.6609,0.345,0.3367,-0.0084,1.2448,1.4689,0.2241,1.778
83.9141,1.8062,1.6616,-0.7627,1.6142,0.1876,0.1793,-0.0083,1.3042,1.5443,0.2401,1.778,83.9141,1.8932,1.6938,-0.8699,1.8313
0.2324,0.2228,-0.0096,1.2779,1.5229,0.2451,1.778,83.9141,1.648,1.448,-0.8165,1.4981,0.3732,0.3679,-0.0053,1.2091,1.4969
0.2879,1.778,83.9141,2.3766,2.0181,-1.2552,2.2649,0.5777,0.5669,-0.0108,1.4799,1.8433,0.3634,1.905,79.8318,2.4819,2.4179
-1.2129,2.315,0.6307,0.6448,0.0141,1.4589,1.7697,0.3109,1.905,79.8318,2.4397,2.0759,-1.2795,2.3982,0.6068,0.6134,0.0066
1.4029,1.7465,0.3436,1.905,79.8318,2.3088,2.0153,-1.2218,2.3088,0.5769,0.5568,-0.0201,1.4589,1.7886,0.3298,1.905,79.8318
2.43,2.2438,-1.1757,2.3637,0.6499,0.6466,-0.0033,1.4739,1.8216,0.3478,1.905,79.8318,2.3766,2.0181,-1.2552,2.2649,0.5777
0.5669,-0.0108,1.4799,1.8433,0.3634,1.905,79.8318,2.4819,2.4179,-1.2129,2.315,0.6307,0.6448,0.0141,1.4589,1.7697,0.3109
1.905,79.8318,2.4397,2.0759,-1.2795,2.3982,0.6068,0.6134,0.0066,1.4029,1.7465,0.3436,1.905,79.8318,2.3088,2.0153,-1.2218
2.3088,0.5769,0.5568,-0.0201,1.4589,1.7886,0.3298,1.905,79.8318,2.43,2.2438,-1.1757,2.3637,0.6499,0.6466,-0.0033,1.4739
1.8216,0.3478,1.905,79.8318,1.779,1.5538,-0.8933,1.779,0.4498,0.5569,0.107,1.4422,1.8172,0.3751,1.8542,91.6252,1.9639
1.6883,-0.9777,1.9003,0.4603,0.5512,0.091,1.512,1.8535,0.3415,1.8542,91.6252,1.991,1.6818,-1.0468,1.9261,0.4654,0.5828
0.1174,1.4859,1.8597,0.3739,1.8542,91.6252,2.0228,1.7014,-1.0732,1.9914,0.4509,0.5723,0.1213,1.4793,1.8815,0.4022,1.8542
91.6252,2.0105,1.6789,-1.0852,1.9002,0.4742,0.5806,0.1064,1.4846,1.8631,0.3785,1.8542,91.6252,1.9499,1.6546,-1.0294,1.9433
0.4636,0.5786,0.115,1.4963,1.9131,0.4168,1.8542,91.6252,1.9463,1.6379,-1.0374,1.8983,0.4187,0.5264,0.1077,1.4584,1.8447
0.3862,1.8542,91.6252,1.9605,1.6792,-1.0064,1.9571,0.4927,0.6071,0.1144,1.4532,1.8325,0.3794,1.8542,91.6252,1.991,1.6818
-1.0468,1.9261,0.4659,0.582,0.1161,1.4851,1.8589,0.3737,1.8542,91.6252,2.0228,1.7014,-1.0732,1.9914,0.451,0.5716,0.1206
1.4788,1.8772,0.3984,1.8542,91.6252,2.0105,1.6789,-1.0852,1.9002,0.4741,0.5803,0.1061,1.485,1.8602,0.3753,1.8542,91.6252
1.9499,1.6546,-1.0294,1.9433,0.4633,0.577,0.1137,1.4959,1.9134,0.4175,1.8542,91.6252,1.9463,1.6379,-1.0374,1.8983,0.4187
0.5254,0.1067,1.4584,1.8409,0.3825,1.8542,91.6252,2.8975,2.7981,-1.0465,2.2111,0.4509,0.4965,0.0456,1.4818,1.7778,0.296
1.778,89.8108,2.9413,2.8684,-1.0054,2.1997,0.5107,0.5356,0.0249,1.4965,1.7742,0.2777,1.778,89.8108,3.056,2.9259,-1.0214
2.2665,0.4963,0.5239,0.0276,1.3483,1.6168,0.2685,1.778,89.8108,2.6363,2.5691,-0.9763,2.215,0.4681,0.5087,0.0406,1.2971
1.6094,0.3122,1.778,89.8108,3.4134,3.2587,-1.0708,2.2413,0.4763,0.5115,0.0352,1.3367,1.6383,0.3015,1.778,89.8108,2.8975
2.7981,-1.0465,2.2111,0.4509,0.4965,0.0456,1.4818,1.7778,0.296,1.778,89.8108,2.9413,2.8684,-1.0054,2.1997,0.5107,0.5356
0.0249,1.4965,1.7742,0.2777,1.778,89.8108,3.056,2.9259,-1.0214,2.2665,0.4963,0.5239,0.0276,1.3483,1.6168,0.2685,1.778
89.8108,2.6363,2.5691,-0.9763,2.215,0.4681,0.5087,0.0406,1.2971,1.6094,0.3122,1.778,89.8108,3.4134,3.2587,-1.0708,2.2413
0.4763,0.5115,0.0352,1.3367,1.6383,0.3015,1.778,89.8108,2.327,2.0068,-1.1647,2.1504,0.591,0.5655,-0.0255,1.2709,1.5963
0.3253,1.905,90.718,2.36,2.0408,-1.1709,2.2776,0.5566,0.5086,-0.048,1.1647,1.5488,0.3841,1.905,90.718,2.4279,2.1106
-1.1713,2.3283,0.5647,0.5482,-0.0165,1.412,1.6985,0.2865,1.905,90.718,2.3591,2.052,-1.1473,2.2876,0.3391,0.3276,-0.0115
1.4269,1.7323,0.3054,1.905,90.718,2.3278,2.0443,-1.1011,2.2508,0.4866,0.4599,-0.0267,1.3734,1.6815,0.3081,1.905,90.718
2.327,2.0068,-1.1647,2.1504,0.591,0.5655,-0.0255,1.2709,1.5963,0.3253,1.905,90.718,2.36,2.0408,-1.1709,2.2776,0.5566
0.5086,-0.048,1.1647,1.5488,0.3841,1.905,90.718,2.4279,2.1106,-1.1713,2.3283,0.5647,0.5482,-0.0165,1.412,1.6985,0.2865
1.905,90.718,2.3591,2.052,-1.1473,2.2876,0.3391,0.3276,-0.0115,1.4269,1.7323,0.3054,1.905,90.718,2.3278,2.0443,-1.1011
2.2508,0.4866,0.4599,-0.0267,1.3734,1.6815,0.3081,1.905,90.718,2.0586,1.8037,-1.0356,1.9926,0.3207,0.3899,0.0692,1.3615
1.7482,0.3866,1.8542,92.9859,2.062,1.7785,-1.0811,1.9893,0.2918,0.3565,0.0646,1.381,1.7719,0.3908,1.8542,92.9859,2.0913
1.8033,-1.1177,2.0497,0.3493,0.4113,0.0619,1.3779,1.7315,0.3536,1.8542,92.9859,2.0919,1.7842,-1.1432,2.027,0.3377,0.4074
0.0697,1.3903,1.7669,0.3766,1.8542,92.9859,2.0715,1.7848,-1.072,2.0692,0.2927,0.3429,0.0502,1.3996,1.755,0.3554,1.8542
92.9859,2.0586,1.8037,-1.0356,1.9926,0.3207,0.3899,0.0692,1.3615,1.7482,0.3866,1.8542,92.9859,2.062,1.7785,-1.0811,1.9893
0.2918,0.3565,0.0646,1.381,1.7719,0.3908,1.8542,92.9859,2.0913,1.8033,-1.1177,2.0497,0.3493,0.4113,0.0619,1.3779,1.7315
0.3536,1.8542,92.9859,2.0919,1.7842,-1.1432,2.027,0.3377,0.4074,0.0697,1.3903,1.7669,0.3766,1.8542,92.9859,2.0715,1.7848
-1.072,2.0692,0.2927,0.3429,0.0502,1.3996,1.755,0.3554,1.8542,92.9859,2.1541,1.9341,-0.9568,1.904,0.345,0.3888,0.0438
1.4041,1.7051,0.3009,1.9304,97.5219,2.1566,1.9102,-0.9945,1.9036,0.3781,0.4456,0.0674,1.3514,1.6915,0.3401,1.9304,97.5219
2.2676,2.0267,-1.0354,2.0875,0.4086,0.4469,0.0383,1.4394,1.7479,0.3085,1.9304,97.5219,2.1808,1.9572,-0.9609,2.0068,0.4716
0.5344,0.0629,1.4441,1.7454,0.3013,1.9304,97.5219,2.3085,2.0348,-1.1696,2.1071,0.4056,0.4577,0.0521,1.4653,1.7485,0.2832
1.9304,97.5219,2.1541,1.9341,-0.9568,1.904,0.345,0.3888,0.0438,1.4041,1.7051,0.3009,1.9304,97.5219,2.1566,1.9102,-0.9945
1.9036,0.3781,0.4456,0.0674,1.3514,1.6915,0.3401,1.9304,97.5219,2.2676,2.0267,-1.0354,2.0875,0.4086,0.4469,0.0383,1.4394
1.7479,0.3085,1.9304,97.5219,2.1808,1.9572,-0.9609,2.0068,0.4716,0.5344,0.0629,1.4441,1.7454,0.3013,1.9304,97.5219,2.3085
2.0348,-1.1696,2.1071,0.4056,0.4577,0.0521,1.4653,1.7485,0.2832,1.9304,97.5219,2.0454,1.9078,-0.9025,1.6668,0.508,0.5277
0.0197,1.4029,1.7355,0.3326,1.778,77.1103,2.063,1.919,-1.0857,1.8026,0.421,0.4422,0.0212,1.4345,1.7528,0.3183,1.778
77.1103,2.0511,1.9336,-0.9586,1.7882,0.4386,0.4458,0.0072,1.4144,1.7093,0.295,1.778,77.1103,2.2459,2.0887,-0.9729,1.8667
0.4656,0.4786,0.0131,1.4554,1.7604,0.305,1.778,77.1103,2.0616,1.9426,-0.8663,1.6061,0.4989,0.5097,0.0109,1.39,1.7571
0.3671,1.778,77.1103,2.0454,1.9078,-0.9025,1.6668,0.508,0.5277,0.0197,1.4029,1.7355,0.3326,1.778,77.1103,2.063,1.919
-1.0857,1.8026,0.421,0.4422,0.0212,1.4345,1.7528,0.3183,1.778,77.1103,2.0511,1.9336,-0.9586,1.7882,0.4386,0.4458,0.0072
1.4144,1.7093,0.295,1.778,77.1103,2.2459,2.0887,-0.9729,1.8667,0.4656,0.4786,0.0131,1.4554,1.7604,0.305,1.778,77.1103
2.0616,1.9426,-0.8663,1.6061,0.4989,0.5097,0.0109,1.39,1.7571,0.3671,1.778,77.1103,1.9098,1.7851,-0.878,1.6862,0.4263
0.4775,0.0512,1.4217,1.7873,0.3657,1.9558,92.9859,1.8945,1.6683,-0.9243,1.8746,0.3932,0.4443,0.0511,1.4429,1.804,0.3612
1.9558,92.9859,2.0206,1.8641,-0.9035,1.8173,0.4142,0.4653,0.0512,1.4388,1.7907,0.352,1.9558,92.9859,2.1141,1.8695,-0.9655
2.0879,0.4149,0.4534,0.0385,1.4579,1.7609,0.303,1.9558,92.9859,1.9273,1.699,-0.8993,1.8087,0.4267,0.4782,0.0515,1.414
1.7528,0.3388,1.9558,92.9859,1.9098,1.7851,-0.878,1.6862,0.4263,0.4775,0.0512,1.4217,1.7873,0.3657,1.9558,92.9859,1.8945
1.6683,-0.9243,1.8746,0.3932,0.4443,0.0511,1.4429,1.804,0.3612,1.9558,92.9859,2.0206,1.8641,-0.9035,1.8173,0.4142,0.4653
0.0512,1.4388,1.7907,0.352,1.9558,92.9859,2.1141,1.8695,-0.9655,2.0879,0.4149,0.4534,0.0385,1.4579,1.7609,0.303,1.9558
92.9859,1.9273,1.699,-0.8993,1.8087,0.4267,0.4782,0.0515,1.414,1.7528,0.3388,1.9558,92.9859,2.1417,1.8319,-1.0737,2.0431
0.3485,0.3739,0.0254,1.3668,1.6872,0.3204,1.778,79.3783,2.131,1.8514,-1.0601,1.9737,0.3676,0.3888,0.0212,1.3838,1.7054
0.3216,1.778,79.3783,2.5415,2.3074,-1.169,2.2356,0.3491,0.3563,0.0072,1.4407,1.6894,0.2487,1.778,79.3783,2.0991,1.822
-1.0302,1.8982,0.366,0.4025,0.0365,1.3905,1.7027,0.3122,1.778,79.3783,2.1272,1.8492,-1.0473,1.9743,0.3387,0.3503,0.0116
1.4034,1.6959,0.2925,1.778,79.3783,2.1417,1.8319,-1.0737,2.0431,0.3485,0.3739,0.0254,1.3668,1.6872,0.3204,1.778,79.3783
2.131,1.8514,-1.0601,1.9737,0.3676,0.3888,0.0212,1.3838,1.7054,0.3216,1.778,79.3783,2.5415,2.3074,-1.169,2.2356,0.3491
0.3563,0.0072,1.4407,1.6894,0.2487,1.778,79.3783,2.0991,1.822,-1.0302,1.8982,0.366,0.4025,0.0365,1.3905,1.7027,0.3122
1.778,79.3783,2.1272,1.8492,-1.0473,1.9743,0.3387,0.3503,0.0116,1.4034,1.6959,0.2925,1.778,79.3783,2.5221,2.1877,-1.259
2.182,0.3371,0.3556,0.0185,1.4834,1.7517,0.2683,1.8288,86.6357,2.5704,2.2379,-1.2759,2.1444,0.3415,0.3519,0.0104,1.4606
1.742,0.2814,1.8288,86.6357,2.6543,2.3172,-1.2971,2.2638,0.3902,0.4117,0.0215,1.4555,1.7393,0.2839,1.8288,86.6357,2.6499
2.2902,-1.3288,2.4507,0.3353,0.3474,0.0121,1.4564,1.7213,0.2648,1.8288,86.6357,2.6364,2.286,-1.3175,2.1336,0.3089,0.3151
0.0062,1.4428,1.7414,0.2986,1.8288,86.6357,2.5221,2.1877,-1.259,2.182,0.3371,0.3556,0.0185,1.4834,1.7517,0.2683,1.8288
86.6357,2.5704,2.2379,-1.2759,2.1444,0.3415,0.3519,0.0104,1.4606,1.742,0.2814,1.8288,86.6357,2.6543,2.3172,-1.2971,2.2638
0.3902,0.4117,0.0215,1.4555,1.7393,0.2839,1.8288,86.6357,2.6499,2.2902,-1.3288,2.4507,0.3353,0.3474,0.0121,1.4564,1.7213
0.2648,1.8288,86.6357,2.6364,2.286,-1.3175,2.1336,0.3089,0.3151,0.0062,1.4428,1.7414,0.2986,1.8288,86.6357,2.1792,1.9816
-0.9116,1.9626,0.3411,0.4147,0.0737,1.3411,1.6413,0.3002,1.8288,79.3783,2.2082,1.9858,-0.956,2.0602,0.3126,0.3986,0.086
1.3413,1.6327,0.2914,1.8288,79.3783,2.3548,2.0781,-1.1433,2.2267,0.3167,0.3842,0.0675,1.3961,1.6621,0.266,1.8288,79.3783
2.2464,1.9513,-1.2005,1.9926,0.2963,0.3595,0.0632,1.4092,1.6174,0.2082,1.8288,79.3783,2.3388,2.1361,-0.9541,1.945,0.2819
0.3443,0.0624,1.4127,1.6364,0.2237,1.8288,79.3783,2.1792,1.9816,-0.9116,1.9626,0.3411,0.4147,0.0737,1.3411,1.6413,0.3002
1.8288,79.3783,2.2082,1.9858,-0.956,2.0602,0.3126,0.3986,0.086,1.3413,1.6327,0.2914,1.8288,79.3783,2.3548,2.0781,-1.1433
2.2267,0.3167,0.3842,0.0675,1.3961,1.6621,0.266,1.8288,79.3783,2.2464,1.9513,-1.2005,1.9926,0.2963,0.3595,0.0632,1.4092
1.6174,0.2082,1.8288,79.3783,2.3388,2.1361,-0.9541,1.945,0.2819,0.3443,0.0624,1.4127,1.6364,0.2237,1.8288,79.3783,2.3944
2.0478,-1.2021,2.2091,0.5582,0.487,-0.0712,1.3957,1.7479,0.3521,1.905,90.718,2.44,2.1353,-1.1481,2.3178,0.5727,0.5296
-0.0431,1.4059,1.7217,0.3158,1.905,90.718,2.307,2.0029,-1.1364,2.0745,0.5407,0.4676,-0.0731,1.3994,1.7474,0.348,1.905
90.718,2.2868,1.9995,-1.1019,2.0222,0.5115,0.4251,-0.0864,1.3484,1.6997,0.3514,1.905,90.718,2.2207,1.9418,-1.1066,2.2157
0.5298,0.4532,-0.0766,1.3706,1.6997,0.3291,1.905,90.718,2.3944,2.0478,-1.2021,2.2091,0.5582,0.487,-0.0712,1.3957,1.7479
0.3521,1.905,90.718,2.44,2.1353,-1.1481,2.3178,0.5727,0.5296,-0.0431,1.4059,1.7217,0.3158,1.905,90.718,2.307,2.0029
-1.1364,2.0745,0.5407,0.4676,-0.0731,1.3994,1.7474,0.348,1.905,90.718,2.2868,1.9995,-1.1019,2.0222,0.5115,0.4251,-0.0864
1.3484,1.6997,0.3514,1.905,90.718,2.2207,1.9418,-1.1066,2.2157,0.5298,0.4532,-0.0766,1.3706,1.6997,0.3291,1.905,90.718
2.2871,2.0721,-1.0954,2.2028,0.4915,0.5584,0.0669,1.5735,1.8945,0.321,1.8796,88.4501,2.5032,2.1819,-1.233,2.2592,0.468
0.5351,0.0671,1.6445,1.9589,0.3144,1.8796,88.4501,2.5159,2.2541,-1.1099,2.2882,0.486,0.5609,0.075,1.6232,1.9372,0.3139
1.8796,88.4501,2.4828,2.2237,-1.1163,2.3149,0.6396,0.7067,0.0672,1.5863,1.9172,0.3308,1.8796,88.4501,2.5666,2.3718,-1.1222
2.3536,0.6316,0.6916,0.06,1.6329,1.925,0.2921,1.8796,88.4501,2.2871,2.0721,-1.0954,2.2028,0.4915,0.5584,0.0669,1.5735
1.8945,0.321,1.8796,88.4501,2.5032,2.1819,-1.233,2.2592,0.468,0.5351,0.0671,1.6445,1.9589,0.3144,1.8796,88.4501,2.5159
2.2541,-1.1099,2.2882,0.486,0.5609,0.075,1.6232,1.9372,0.3139,1.8796,88.4501,2.4828,2.2237,-1.1163,2.3149,0.6396,0.7067
0.0672,1.5863,1.9172,0.3308,1.8796,88.4501,2.5666,2.3718,-1.1222,2.3536,0.6316,0.6916,0.06,1.6329,1.925,0.2921,1.8796
88.4501,2.5499,2.3116,-1.4496,1.942,0.3156,0.4014,0.0858,1.3535,1.6107,0.2571,1.8288,77.1103,2.8125,2.597,-1.4443,2.075
0.3473,0.4361,0.0889,1.3881,1.6153,0.2271,1.8288,77.1103,2.3748,2.2023,-1.1946,2.117,0.2857,0.3492,0.0635,1.3782,1.5899
0.2117,1.8288,77.1103,2.2177,2.085,-0.865,2.1948,0.3012,0.3885,0.0873,1.2932,1.523,0.2297,1.8288,77.1103,2.5495,2.2408
-1.2155,1.7975,0.2651,0.3446,0.0796,1.2788,1.5518,0.2729,1.8288,77.1103,2.5499,2.3116,-1.4496,1.942,0.3156,0.4014,0.0858
1.3535,1.6107,0.2571,1.8288,77.1103,2.8125,2.597,-1.4443,2.075,0.3473,0.4361,0.0889,1.3881,1.6153,0.2271,1.8288,77.1103
2.3748,2.2023,-1.1946,2.117,0.2857,0.3492,0.0635,1.3782,1.5899,0.2117,1.8288,77.1103,2.2177,2.085,-0.865,2.1948,0.3012
0.3885,0.0873,1.2932,1.523,0.2297,1.8288,77.1103,2.5495,2.2408,-1.2155,1.7975,0.2651,0.3446,0.0796,1.2788,1.5518,0.2729
1.8288,77.1103,1.8483,1.6021,-0.9254,1.5651,0.5259,0.5712,0.0453,1.4664,1.8483,0.3819,1.9304,122.469,1.7681,1.5608,-0.8278
1.4359,0.5205,0.5609,0.0403,1.4496,1.8468,0.3971,1.9304,122.469,1.873,1.664,-0.8638,1.4472,0.5311,0.5776,0.0466,1.4752
1.8729,0.3976,1.9304,122.469,1.7775,1.5595,-0.8473,1.3758,0.4722,0.5064,0.0343,1.4165,1.8369,0.4205,1.9304,122.469,1.7152
1.5078,-0.813,1.4639,0.5253,0.5663,0.041,1.4486,1.849,0.4004,1.9304,122.469,1.8483,1.6021,-0.9254,1.5651,0.5259,0.5712
0.0453,1.4664,1.8483,0.3819,1.9304,122.469,1.7681,1.5608,-0.8278,1.4359,0.5205,0.5609,0.0403,1.4496,1.8468,0.3971,1.9304
122.469,1.873,1.664,-0.8638,1.4472,0.5311,0.5776,0.0466,1.4752,1.8729,0.3976,1.9304,122.469,1.7775,1.5595,-0.8473,1.3758
0.4722,0.5064,0.0343,1.4165,1.8369,0.4205,1.9304,122.469,1.7152,1.5078,-0.813,1.4639,0.5253,0.5663,0.041,1.4486,1.849
0.4004,1.9304,122.469,2.105,1.8522,-1.082,2.0228,0.3181,0.4113,0.0932,1.4207,1.8097,0.3891,1.8542,92.9859,2.1111,1.8743
-1.0669,1.9672,0.3263,0.4182,0.0919,1.437,1.825,0.388,1.8542,92.9859,2.1283,1.8463,-1.0675,2.0684,0.3992,0.4956,0.0965
1.4045,1.7612,0.3567,1.8542,92.9859,2.1133,1.8359,-1.0576,2.0199,0.338,0.4098,0.0719,1.436,1.7932,0.3572,1.8542,92.9859
2.0675,1.8012,-1.0663,2.0467,0.2836,0.3458,0.0622,1.4677,1.8275,0.3598,1.8542,92.9859,2.105,1.8522,-1.082,2.0228,0.3181
0.4113,0.0932,1.4207,1.8097,0.3891,1.8542,92.9859,2.1111,1.8743,-1.0669,1.9672,0.3263,0.4182,0.0919,1.437,1.825,0.388
1.8542,92.9859,2.1283,1.8463,-1.0675,2.0684,0.3992,0.4956,0.0965,1.4045,1.7612,0.3567,1.8542,92.9859,2.1133,1.8359,-1.0576
2.0199,0.338,0.4098,0.0719,1.436,1.7932,0.3572,1.8542,92.9859,2.0675,1.8012,-1.0663,2.0467,0.2836,0.3458,0.0622,1.4677
1.8275,0.3598,1.8542,92.9859,2.0649,1.9386,-0.9741,1.7777,0.4455,0.4509,0.0054,1.4268,1.7562,0.3294,1.778,77.1103,1.9644
1.853,-0.8568,1.6348,0.4405,0.4434,0.0028,1.5031,1.825,0.3219,1.778,77.1103,2.1076,2.0093,-1.1278,1.7062,0.4529,0.4353
-0.0176,1.4231,1.6757,0.2527,1.778,77.1103,2.1573,2.0366,-0.8401,1.7143,0.4331,0.4127,-0.0203,1.3382,1.6415,0.3033,1.778
77.1103,1.9518,1.8096,-0.8355,1.7001,0.4389,0.4411,0.0022,1.4627,1.7632,0.3005,1.778,77.1103,2.0649,1.9386,-0.9741,1.7777
0.4455,0.4509,0.0054,1.4268,1.7562,0.3294,1.778,77.1103,1.9644,1.853,-0.8568,1.6348,0.4405,0.4434,0.0028,1.5031,1.825
0.3219,1.778,77.1103,2.1076,2.0093,-1.1278,1.7062,0.4529,0.4353,-0.0176,1.4231,1.6757,0.2527,1.778,77.1103,2.1573,2.0366
-0.8401,1.7143,0.4331,0.4127,-0.0203,1.3382,1.6415,0.3033,1.778,77.1103,1.9518,1.8096,-0.8355,1.7001,0.4389,0.4411,0.0022
1.4627,1.7632,0.3005,1.778,77.1103,2.1019,1.8662,-0.9483,1.676,0.3988,0.4413,0.0425,1.3259,1.6579,0.332,1.8034,79.3783
2.1079,1.8714,-0.9952,1.6063,0.4116,0.454,0.0424,1.3559,1.6663,0.3104,1.8034,79.3783,2.016,1.7568,-0.9671,1.6886,0.4137
0.4581,0.0444,1.3269,1.6649,0.3379,1.8034,79.3783,2.016,1.7777,-0.923,1.7109,0.4233,0.4632,0.0398,1.3122,1.6336,0.3213
1.8034,79.3783,2.1964,2.0092,-0.9659,1.7502,0.4199,0.4564,0.0364,1.327,1.6348,0.3078,1.8034,79.3783,2.1019,1.8662,-0.9483
1.676,0.3988,0.4413,0.0425,1.3259,1.6579,0.332,1.8034,79.3783,2.1079,1.8714,-0.9952,1.6063,0.4116,0.454,0.0424,1.3559
1.6663,0.3104,1.8034,79.3783,2.016,1.7568,-0.9671,1.6886,0.4137,0.4581,0.0444,1.3269,1.6649,0.3379,1.8034,79.3783,2.016
1.7777,-0.923,1.7109,0.4233,0.4632,0.0398,1.3122,1.6336,0.3213,1.8034,79.3783,2.1964,2.0092,-0.9659,1.7502,0.4199,0.4564
0.0364,1.327,1.6348,0.3078,1.8034,79.3783,2.308,2.0534,-1.3185,1.9935,-0.4545,-0.5013,-0.0467,1.2482,1.6038,0.3556,2.0193
96.1611,2.3018,2.0764,-1.2601,2.0565,-0.471,-0.506,-0.0349,1.334,1.6243,0.2903,2.0193,96.1611,2.1099,1.8557,-1.1457,1.9579
-0.6887,-0.7261,-0.0374,1.3024,1.6289,0.3265,2.0193,96.1611,2.6457,2.5467,-1.1791,2.2791,-0.4007,-0.4207,-0.02,1.3071,1.5828
0.2757,2.0193,96.1611,2.1396,1.8649,-1.0432,2.1142,-0.4266,-0.4751,-0.0484,1.3378,1.6133,0.2756,2.0193,96.1611,2.0974,1.8241
-1.1166,2.0024,-0.3752,-0.4024,-0.0272,1.3296,1.6066,0.277,2.0193,96.1611,2.2832,1.869,-1.3056,1.916,-0.3877,-0.4263,-0.0387
1.2736,1.6032,0.3296,2.0193,96.1611,2.1076,1.8351,-1.1402,2.0593,-0.4732,-0.5181,-0.0449,1.2876,1.5761,0.2885,2.0193,96.1611
2.1681,1.8867,-1.065,2.1051,-0.4099,-0.439,-0.0291,1.2927,1.605,0.3123,2.0193,96.1611,2.2012,1.9197,-1.0785,2.0348,-0.4256
-0.4547,-0.0291,1.2724,1.6168,0.3443,2.0193,96.1611,2.308,2.0534,-1.3185,1.9935,-0.4545,-0.5013,-0.0467,1.2482,1.6038,0.3556
2.0193,96.1611,2.3018,2.0764,-1.2601,2.0565,-0.471,-0.506,-0.0349,1.334,1.6243,0.2903,2.0193,96.1611,2.1099,1.8557,-1.1457
1.9579,-0.6887,-0.7261,-0.0374,1.3024,1.6289,0.3265,2.0193,96.1611,2.6457,2.5467,-1.1791,2.2791,-0.4007,-0.4207,-0.02,1.3071
1.5828,0.2757,2.0193,96.1611,2.1396,1.8649,-1.0432,2.1142,-0.4266,-0.4751,-0.0484,1.3378,1.6133,0.2756,2.0193,96.1611,2.0974
1.8241,-1.1166,2.0024,-0.3752,-0.4024,-0.0272,1.3296,1.6066,0.277,2.0193,96.1611,2.2832,1.869,-1.3056,1.916,-0.3877,-0.4263
-0.0387,1.2736,1.6032,0.3296,2.0193,96.1611,2.1076,1.8351,-1.1402,2.0593,-0.4732,-0.5181,-0.0449,1.2876,1.5761,0.2885,2.0193
96.1611,2.1681,1.8867,-1.065,2.1051,-0.4099,-0.439,-0.0291,1.2927,1.605,0.3123,2.0193,96.1611,2.2012,1.9197,-1.0785,2.0348
-0.4256,-0.4547,-0.0291,1.2724,1.6168,0.3443,2.0193,96.1611,2.6457,2.5467,-1.1791,2.3558,-0.4002,-0.4248,-0.0246,1.2954,1.611
0.3156,2.0193,96.1611,2.1396,1.8649,-1.0432,2.0034,-0.418,-0.4815,-0.0635,1.2553,1.6335,0.3782,2.0193,96.1611,2.0974,1.8241
-1.1166,1.9698,-0.3714,-0.406,-0.0346,1.2571,1.6279,0.3708,2.0193,96.1611,2.2832,1.869,-1.3056,1.9906,-0.3866,-0.4328,-0.0463
1.2613,1.6312,0.3699,2.0193,96.1611,2.6457,2.5467,-1.1791,2.3558,-0.4002,-0.4248,-0.0246,1.2954,1.611,0.3156,2.0193,96.1611
2.1396,1.8649,-1.0432,2.0034,-0.418,-0.4815,-0.0635,1.2553,1.6335,0.3782,2.0193,96.1611,2.0974,1.8241,-1.1166,1.9698,-0.3714
-0.406,-0.0346,1.2571,1.6279,0.3708,2.0193,96.1611,2.2832,1.869,-1.3056,1.9906,-0.3866,-0.4328,-0.0463,1.2613,1.6312,0.3699
2.0193,96.1611,2.6452,2.3032,-1.2997,2.2437,0.3312,0.3577,0.0265,1.4529,1.7038,0.2509,1.8288,88.4501,2.5118,2.2142,-1.1948
1.8638,0.3231,0.3525,0.0294,1.4061,1.6921,0.286,1.8288,88.4501,2.5796,2.2319,-1.3245,2.4456,0.2973,0.3149,0.0176,1.4689
1.6701,0.2012,1.8288,88.4501,2.5503,2.2245,-1.2542,2.1263,0.2981,0.3199,0.0218,1.4314,1.7044,0.273,1.8288,88.4501,2.6223
2.2475,-1.3674,2.3145,0.3074,0.3239,0.0165,1.4323,1.6911,0.2589,1.8288,88.4501,2.6452,2.3032,-1.2997,2.2437,0.3312,0.3577
0.0265,1.4529,1.7038,0.2509,1.8288,88.4501,2.5118,2.2142,-1.1948,1.8638,0.3231,0.3525,0.0294,1.4061,1.6921,0.286,1.8288
88.4501,2.5796,2.2319,-1.3245,2.4456,0.2973,0.3149,0.0176,1.4689,1.6701,0.2012,1.8288,88.4501,2.5503,2.2245,-1.2542,2.1263
0.2981,0.3199,0.0218,1.4314,1.7044,0.273,1.8288,88.4501,2.6223,2.2475,-1.3674,2.3145,0.3074,0.3239,0.0165,1.4323,1.6911
0.2589,1.8288,88.4501,2.4801,2.0585,-1.3837,2.4175,0.3831,0.4645,0.0813,1.4379,1.8159,0.378,1.8796,92.9859,2.3611,1.959
-1.3601,2.0728,0.3319,0.3991,0.0671,1.4731,1.8722,0.3991,1.8796,92.9859,2.4633,2.0524,-1.3584,2.0798,0.3694,0.4401,0.0707
1.4392,1.7996,0.3604,1.8796,92.9859,2.4985,2.0507,-1.4245,2.2213,0.3868,0.4399,0.0531,1.5118,1.8456,0.3339,1.8796,92.9859
2.6885,2.3333,-1.4301,2.4658,0.3371,0.4163,0.0792,1.4953,1.891,0.3958,1.8796,92.9859,2.4801,2.0585,-1.3837,2.4175,0.3831
0.4645,0.0813,1.4379,1.8159,0.378,1.8796,92.9859,2.3611,1.959,-1.3601,2.0728,0.3319,0.3991,0.0671,1.4731,1.8722,0.3991
1.8796,92.9859,2.4633,2.0524,-1.3584,2.0798,0.3694,0.4401,0.0707,1.4392,1.7996,0.3604,1.8796,92.9859,2.4985,2.0507,-1.4245
2.2213,0.3868,0.4399,0.0531,1.5118,1.8456,0.3339,1.8796,92.9859,2.6885,2.3333,-1.4301,2.4658,0.3371,0.4163,0.0792,1.4953
1.891,0.3958,1.8796,92.9859,2.9006,2.47,-1.5501,2.8657,0.3291,0.3819,0.0527,1.3734,1.7018,0.3284,1.8542,88.4501,2.9439
2.5063,-1.5683,2.8049,0.3021,0.3297,0.0276,1.3769,1.7073,0.3304,1.8542,88.4501,2.9646,2.5328,-1.5669,2.6998,0.3159,0.3527
0.0367,1.3846,1.6916,0.307,1.8542,88.4501,2.9616,2.5256,-1.5814,2.8579,0.292,0.3159,0.0238,1.4528,1.7297,0.2769,1.8542
88.4501,2.8654,2.4331,-1.517,2.7161,0.3008,0.34,0.0392,1.3738,1.7034,0.3296,1.8542,88.4501,2.9006,2.47,-1.5501,2.8657
0.3291,0.3819,0.0527,1.3734,1.7018,0.3284,1.8542,88.4501,2.9439,2.5063,-1.5683,2.8049,0.3021,0.3297,0.0276,1.3769,1.7073
0.3304,1.8542,88.4501,2.9646,2.5328,-1.5669,2.6998,0.3159,0.3527,0.0367,1.3846,1.6916,0.307,1.8542,88.4501,2.9616,2.5256
-1.5814,2.8579,0.292,0.3159,0.0238,1.4528,1.7297,0.2769,1.8542,88.4501,2.8654,2.4331,-1.517,2.7161,0.3008,0.34,0.0392
1.3738,1.7034,0.3296,1.8542,88.4501,2.1763,1.8113,-1.1806,2.1688,0.1431,0.1151,-0.0281,1.5452,1.8598,0.3146,1.8288,79.3783
2.5602,2.0922,-1.4391,2.5602,0.2145,0.1652,-0.0493,1.6175,1.942,0.3245,1.8288,79.3783,2.3495,1.9547,-1.2976,2.3115,0.2287
0.1823,-0.0464,1.5021,1.8338,0.3317,1.8288,79.3783,2.3757,1.9638,-1.3182,2.3757,0.163,0.1311,-0.0319,1.5645,1.886,0.3214
1.8288,79.3783,2.4344,1.9946,-1.3426,2.4183,0.1813,0.1423,-0.0389,1.5491,1.8606,0.3115,1.8288,79.3783,2.1763,1.8113,-1.1806
2.1688,0.1431,0.1151,-0.0281,1.5452,1.8598,0.3146,1.8288,79.3783,2.5602,2.0922,-1.4391,2.5602,0.2145,0.1652,-0.0493,1.6175
1.942,0.3245,1.8288,79.3783,2.3495,1.9547,-1.2976,2.3115,0.2287,0.1823,-0.0464,1.5021,1.8338,0.3317,1.8288,79.3783,2.3757
1.9638,-1.3182,2.3757,0.163,0.1311,-0.0319,1.5645,1.886,0.3214,1.8288,79.3783,2.4344,1.9946,-1.3426,2.4183,0.1813,0.1423
-0.0389,1.5491,1.8606,0.3115,1.8288,79.3783,2.3468,2.0893,-1.1176,2.1476,0.53,0.607,0.0771,1.4882,1.6825,0.1943,1.8288
74.8423,2.2936,2.1837,-1.0947,2.1826,0.5799,0.6617,0.0818,1.4933,1.6811,0.1878,1.8288,74.8423,2.2027,1.9796,-0.9945,2.035
0.5529,0.6441,0.0912,1.4609,1.6942,0.2332,1.8288,74.8423,2.2911,2.0613,-1.0432,2.1084,0.5437,0.631,0.0874,1.4922,1.7084
0.2162,1.8288,74.8423,2.3137,2.0699,-1.0437,1.9311,0.5342,0.6291,0.0949,1.5115,1.7449,0.2334,1.8288,74.8423,2.3468,2.0893
-1.1176,2.1476,0.53,0.607,0.0771,1.4882,1.6825,0.1943,1.8288,74.8423,2.2936,2.1837,-1.0947,2.1826,0.5799,0.6617,0.0818
1.4933,1.6811,0.1878,1.8288,74.8423,2.2027,1.9796,-0.9945,2.035,0.5529,0.6441,0.0912,1.4609,1.6942,0.2332,1.8288,74.8423
2.2911,2.0613,-1.0432,2.1084,0.5437,0.631,0.0874,1.4922,1.7084,0.2162,1.8288,74.8423,2.3137,2.0699,-1.0437,1.9311,0.5342
0.6291,0.0949,1.5115,1.7449,0.2334,1.8288,74.8423,2.4909,2.1112,-1.223,2.4868,0.5466,0.6635,0.1169,1.5371,1.7533,0.2161
1.8288,79.3783,2.521,2.1348,-1.2005,2.4569,0.5608,0.6974,0.1365,1.4908,1.7123,0.2215,1.8288,79.3783,2.5814,2.1368,-1.3016
2.572,0.546,0.6753,0.1293,1.4559,1.6707,0.2147,1.8288,79.3783,2.4503,2.07,-1.1785,2.4479,0.5206,0.6409,0.1203,1.4282
1.6963,0.2682,1.8288,79.3783,2.557,2.1635,-1.2599,2.557,0.5501,0.6603,0.1102,1.5027,1.7146,0.2119,1.8288,79.3783,2.4909
2.1112,-1.223,2.4868,0.5466,0.6635,0.1169,1.5371,1.7533,0.2161,1.8288,79.3783,2.521,2.1348,-1.2005,2.4569,0.5608,0.6974
0.1365,1.4908,1.7123,0.2215,1.8288,79.3783,2.5814,2.1368,-1.3016,2.572,0.546,0.6753,0.1293,1.4559,1.6707,0.2147,1.8288
79.3783,2.4503,2.07,-1.1785,2.4479,0.5206,0.6409,0.1203,1.4282,1.6963,0.2682,1.8288,79.3783,2.557,2.1635,-1.2599,2.557
0.5501,0.6603,0.1102,1.5027,1.7146,0.2119,1.8288,79.3783,2.2369,2.0202,-1.0001,1.8296,0.2747,0.3662,0.0914,1.4789,1.8523
0.3734,1.9812,90.718,2.2269,1.9914,-0.9916,1.9012,0.347,0.4396,0.0926,1.5158,1.8933,0.3775,1.9812,90.718,2.2172,1.9909
-0.9666,1.7947,0.2526,0.323,0.0704,1.4152,1.8077,0.3926,1.9812,90.718,2.0975,1.9116,-0.8671,1.7962,0.3091,0.407,0.0979
1.5159,1.8872,0.3713,1.9812,90.718,2.2017,1.982,-0.9574,1.9417,0.3099,0.3901,0.0802,1.4856,1.8565,0.3708,1.9812,90.718
2.2369,2.0202,-1.0001,1.8296,0.2747,0.3662,0.0914,1.4789,1.8523,0.3734,1.9812,90.718,2.2269,1.9914,-0.9916,1.9012,0.347
0.4396,0.0926,1.5158,1.8933,0.3775,1.9812,90.718,2.2172,1.9909,-0.9666,1.7947,0.2526,0.323,0.0704,1.4152,1.8077,0.3926
1.9812,90.718,2.0975,1.9116,-0.8671,1.7962,0.3091,0.407,0.0979,1.5159,1.8872,0.3713,1.9812,90.718,2.2017,1.982,-0.9574
1.9417,0.3099,0.3901,0.0802,1.4856,1.8565,0.3708,1.9812,90.718,2.7482,2.334,-1.4936,2.4577,0.3013,0.3316,0.0303,1.468
1.814,0.3461,1.8034,81.6462,2.8045,2.4107,-1.4793,2.7081,0.3106,0.3354,0.0248,1.4402,1.7751,0.3349,1.8034,81.6462,2.7635
2.3959,-1.5016,2.3568,0.3198,0.3562,0.0363,1.4094,1.7711,0.3616,1.8034,81.6462,2.7227,2.2996,-1.5143,2.4849,0.3979,0.435
0.0371,1.4146,1.7387,0.3241,1.8034,81.6462,2.8255,2.5775,-1.5813,2.6255,0.385,0.4424,0.0575,1.4298,1.7622,0.3324,1.8034
81.6462,2.7482,2.334,-1.4936,2.4577,0.3013,0.3316,0.0303,1.468,1.814,0.3461,1.8034,81.6462,2.8045,2.4107,-1.4793,2.7081
0.3106,0.3354,0.0248,1.4402,1.7751,0.3349,1.8034,81.6462,2.7635,2.3959,-1.5016,2.3568,0.3198,0.3562,0.0363,1.4094,1.7711
0.3616,1.8034,81.6462,2.7227,2.2996,-1.5143,2.4849,0.3979,0.435,0.0371,1.4146,1.7387,0.3241,1.8034,81.6462,2.8255,2.5775
-1.5813,2.6255,0.385,0.4424,0.0575,1.4298,1.7622,0.3324,1.8034,81.6462,2.7826,2.4183,-1.3744,2.637,0.3211,0.3255,0.0044
1.5305,1.8139,0.2834,1.9304,92.9859,2.6473,2.3614,-1.194,2.5021,0.2678,0.2604,-0.0074,1.535,1.8408,0.3058,1.9304,92.9859
2.6694,2.3791,-1.213,2.5162,0.2608,0.2511,-0.0097,1.553,1.8405,0.2875,1.9304,92.9859,2.7841,2.4394,-1.3507,2.7346,0.3125
0.3122,-0.0002,1.5348,1.8062,0.2714,1.9304,92.9859,2.8016,2.473,-1.327,2.7988,0.31,0.3197,0.0097,1.4839,1.7772,0.2933
1.9304,92.9859,2.7826,2.4183,-1.3744,2.637,0.3211,0.3255,0.0044,1.5305,1.8139,0.2834,1.9304,92.9859,2.6473,2.3614,-1.194
2.5021,0.2678,0.2604,-0.0074,1.535,1.8408,0.3058,1.9304,92.9859,2.6694,2.3791,-1.213,2.5162,0.2608,0.2511,-0.0097,1.553
1.8405,0.2875,1.9304,92.9859,2.7841,2.4394,-1.3507,2.7346,0.3125,0.3122,-0.0002,1.5348,1.8062,0.2714,1.9304,92.9859,2.8016
2.473,-1.327,2.7988,0.31,0.3197,0.0097,1.4839,1.7772,0.2933,1.9304,92.9859,1.8065,1.5829,-0.8981,1.6646,0.5016,0.5678
0.0662,1.4386,1.8589,0.4203,1.9304,122.469,1.8912,1.6648,-0.9009,1.8904,0.5013,0.5586,0.0573,1.5038,1.8581,0.3543,1.9304
122.469,1.8366,1.597,-0.9175,1.8056,0.5236,0.5513,0.0277,1.5163,1.8575,0.3411,1.9304,122.469,1.8217,1.6063,-0.8992,1.6591
0.4804,0.5444,0.064,1.4603,1.8256,0.3653,1.9304,122.469,1.8065,1.5829,-0.8981,1.6646,0.5016,0.5678,0.0662,1.4386,1.8589
0.4203,1.9304,122.469,1.8912,1.6648,-0.9009,1.8904,0.5013,0.5586,0.0573,1.5038,1.8581,0.3543,1.9304,122.469,1.8366,1.597
-0.9175,1.8056,0.5236,0.5513,0.0277,1.5163,1.8575,0.3411,1.9304,122.469,1.8217,1.6063,-0.8992,1.6591,0.4804,0.5444,0.064
1.4603,1.8256,0.3653,1.9304,122.469,2.1404,1.9162,-0.9661,1.9748,0.3248,0.3186,-0.0062,1.5494,1.9614,0.4119,1.8542,84.3677
2.3274,2.0427,-1.1384,2.1422,0.3269,0.3368,0.0099,1.5542,1.9654,0.4113,1.8542,84.3677,2.2662,2.0141,-1.0461,2.1365,0.3077
0.3176,0.0099,1.5812,1.9593,0.3782,1.8542,84.3677,2.2117,1.9478,-1.0921,2.1369,0.3033,0.3152,0.0119,1.5797,1.9651,0.3854
1.8542,84.3677,2.2173,1.9757,-1.022,2.0989,0.3353,0.3278,-0.0075,1.5679,1.9791,0.4112,1.8542,84.3677,2.1404,1.9162,-0.9661
1.9748,0.3248,0.3186,-0.0062,1.5494,1.9614,0.4119,1.8542,84.3677,2.3274,2.0427,-1.1384,2.1422,0.3269,0.3368,0.0099,1.5542
1.9654,0.4113,1.8542,84.3677,2.2662,2.0141,-1.0461,2.1365,0.3077,0.3176,0.0099,1.5812,1.9593,0.3782,1.8542,84.3677,2.2117
1.9478,-1.0921,2.1369,0.3033,0.3152,0.0119,1.5797,1.9651,0.3854,1.8542,84.3677,2.2173,1.9757,-1.022,2.0989,0.3353,0.3278
-0.0075,1.5679,1.9791,0.4112,1.8542,84.3677,2.4507,2.0276,-1.3727,2.4287,0.3803,0.4512,0.0709,1.5033,1.7696,0.2663,1.8796
90.718,2.4753,2.1042,-1.268,2.4531,0.3512,0.4059,0.0547,1.5151,1.7823,0.2672,1.8796,90.718,2.6392,2.1821,-1.4567,2.359
0.3849,0.4504,0.0656,1.4896,1.7834,0.2938,1.8796,90.718,2.4533,2.0312,-1.3768,2.3682,0.3984,0.4601,0.0617,1.5432,1.8143
0.2711,1.8796,90.718,2.426,2.0647,-1.2573,2.3433,0.3987,0.4809,0.0822,1.4903,1.7745,0.2842,1.8796,90.718,2.4507,2.0276
-1.3727,2.4287,0.3803,0.4512,0.0709,1.5033,1.7696,0.2663,1.8796,90.718,2.4753,2.1042,-1.268,2.4531,0.3512,0.4059,0.0547
1.5151,1.7823,0.2672,1.8796,90.718,2.6392,2.1821,-1.4567,2.359,0.3849,0.4504,0.0656,1.4896,1.7834,0.2938,1.8796,90.718
2.4533,2.0312,-1.3768,2.3682,0.3984,0.4601,0.0617,1.5432,1.8143,0.2711,1.8796,90.718,2.426,2.0647,-1.2573,2.3433,0.3987
0.4809,0.0822,1.4903,1.7745,0.2842,1.8796,90.718,2.5637,2.2446,-1.1896,2.4879,0.5868,0.6844,0.0976,1.5339,1.6877,0.1539
1.8288,79.3783,2.3647,2.0393,-1.1327,2.3336,0.5954,0.6961,0.1007,1.5071,1.6733,0.1662,1.8288,79.3783,2.4263,2.09,-1.1689
2.3955,0.5879,0.6809,0.093,1.5373,1.6915,0.1543,1.8288,79.3783,2.4679,2.1114,-1.1946,2.4076,0.5465,0.6507,0.1041,1.5104
1.7014,0.191,1.8288,79.3783,2.4807,2.1118,-1.2302,2.4807,0.5841,0.696,0.1118,1.4835,1.6863,0.2028,1.8288,79.3783,2.5637
2.2446,-1.1896,2.4879,0.5868,0.6844,0.0976,1.5339,1.6877,0.1539,1.8288,79.3783,2.3647,2.0393,-1.1327,2.3336,0.5954,0.6961
0.1007,1.5071,1.6733,0.1662,1.8288,79.3783,2.4263,2.09,-1.1689,2.3955,0.5879,0.6809,0.093,1.5373,1.6915,0.1543,1.8288
79.3783,2.4679,2.1114,-1.1946,2.4076,0.5465,0.6507,0.1041,1.5104,1.7014,0.191,1.8288,79.3783,2.4807,2.1118,-1.2302,2.4807
0.5841,0.696,0.1118,1.4835,1.6863,0.2028,1.8288,79.3783,3.4346,3.1451,-1.689,2.1657,0.4822,0.4826,0.0004,1.5142,1.8063
0.2921,1.778,89.3572,3.4353,3.0922,-1.7183,2.8398,0.4948,0.4994,0.0046,1.5475,1.8425,0.295,1.778,89.3572,2.8599,2.4569
-1.4868,2.316,0.5014,0.5063,0.0049,1.5013,1.8033,0.302,1.778,89.3572,2.4371,2.2049,-1.2935,2.0999,0.4985,0.5199,0.0215
1.4575,1.791,0.3335,1.778,89.3572,3.6624,3.197,-1.8781,2.47,0.4853,0.4861,0.0008,1.5207,1.8056,0.2849,1.778,89.3572
3.4346,3.1451,-1.689,2.1657,0.4822,0.4826,0.0004,1.5142,1.8063,0.2921,1.778,89.3572,3.4353,3.0922,-1.7183,2.8398,0.4948
0.4994,0.0046,1.5475,1.8425,0.295,1.778,89.3572,2.8599,2.4569,-1.4868,2.316,0.5014,0.5063,0.0049,1.5013,1.8033,0.302
1.778,89.3572,2.4371,2.2049,-1.2935,2.0999,0.4985,0.5199,0.0215,1.4575,1.791,0.3335,1.778,89.3572,3.6624,3.197,-1.8781
2.47,0.4853,0.4861,0.0008,1.5207,1.8056,0.2849,1.778,89.3572,1.9926,1.7824,-0.9003,1.9889,0.3149,0.3781,0.0632,1.2915
1.6525,0.3611,1.905,102.058,2.0087,1.7801,-0.9474,1.9368,0.2767,0.3219,0.0453,1.2281,1.6256,0.3975,1.905,102.058,2.2117
1.9903,-0.9909,1.9889,0.3001,0.3432,0.0431,1.2599,1.6171,0.3573,1.905,102.058,2.0162,1.7914,-0.9287,1.9275,0.3363,0.409
0.0727,1.2444,1.6575,0.413,1.905,102.058,2.0369,1.8093,-0.955,1.945,0.2945,0.3597,0.0653,1.2416,1.6178,0.3762,1.905
102.058,1.9926,1.7824,-0.9003,1.9889,0.3149,0.3781,0.0632,1.2915,1.6525,0.3611,1.905,102.058,2.0087,1.7801,-0.9474,1.9368
0.2767,0.3219,0.0453,1.2281,1.6256,0.3975,1.905,102.058,2.2117,1.9903,-0.9909,1.9889,0.3001,0.3432,0.0431,1.2599,1.6171
0.3573,1.905,102.058,2.0162,1.7914,-0.9287,1.9275,0.3363,0.409,0.0727,1.2444,1.6575,0.413,1.905,102.058,2.0369,1.8093
-0.955,1.945,0.2945,0.3597,0.0653,1.2416,1.6178,0.3762,1.905,102.058,3.2292,3.135,-1.2074,2.2456,0.4934,0.5723,0.0789
1.4475,1.7619,0.3144,2.0066,86.1821,2.7684,2.4969,-1.5161,2.3008,0.4108,0.4692,0.0584,1.4629,1.8048,0.3419,2.0066,86.1821
3.2493,2.9197,-1.6268,2.3625,0.4115,0.4495,0.0379,1.4858,1.8032,0.3173,2.0066,86.1821,3.092,2.9414,-1.451,2.1075,0.4269
0.4854,0.0585,1.4645,1.8098,0.3453,2.0066,86.1821,3.3699,2.9643,-1.6028,2.1115,0.4117,0.4713,0.0596,1.4078,1.7593,0.3515
2.0066,86.1821,3.2292,3.135,-1.2074,2.2456,0.4934,0.5723,0.0789,1.4475,1.7619,0.3144,2.0066,86.1821,2.7684,2.4969,-1.5161
2.3008,0.4108,0.4692,0.0584,1.4629,1.8048,0.3419,2.0066,86.1821,3.2493,2.9197,-1.6268,2.3625,0.4115,0.4495,0.0379,1.4858
1.8032,0.3173,2.0066,86.1821,3.092,2.9414,-1.451,2.1075,0.4269,0.4854,0.0585,1.4645,1.8098,0.3453,2.0066,86.1821,3.3699
2.9643,-1.6028,2.1115,0.4117,0.4713,0.0596,1.4078,1.7593,0.3515,2.0066,86.1821,2.5587,2.2706,-1.2204,2.5236,0.222,0.2719
0.0499,1.4969,1.7443,0.2474,1.9304,95.2539,2.3795,2.143,-1.0498,2.0863,0.2157,0.2703,0.0546,1.5362,1.7919,0.2557,1.9304
95.2539,2.4283,2.1663,-1.1015,2.1986,0.2284,0.2847,0.0563,1.4491,1.7131,0.264,1.9304,95.2539,2.4362,2.1685,-1.1217,2.1872
0.2422,0.2902,0.0481,1.4774,1.7177,0.2403,1.9304,95.2539,2.4386,2.1773,-1.122,2.1949,0.1735,0.1669,-0.0066,1.4686,1.7272
0.2586,1.9304,95.2539,2.5587,2.2706,-1.2204,2.5236,0.222,0.2719,0.0499,1.4969,1.7443,0.2474,1.9304,95.2539,2.3795,2.143
-1.0498,2.0863,0.2157,0.2703,0.0546,1.5362,1.7919,0.2557,1.9304,95.2539,2.4283,2.1663,-1.1015,2.1986,0.2284,0.2847,0.0563
1.4491,1.7131,0.264,1.9304,95.2539,2.4362,2.1685,-1.1217,2.1872,0.2422,0.2902,0.0481,1.4774,1.7177,0.2403,1.9304,95.2539
2.4386,2.1773,-1.122,2.1949,0.1735,0.1669,-0.0066,1.4686,1.7272,0.2586,1.9304,95.2539,2.5428,2.312,-1.0797,2.5096,0.3909
0.4423,0.0514,1.3068,1.571,0.2643,1.8542,80.739,2.7648,2.5573,-1.0584,2.4005,0.4181,0.4712,0.0531,1.2743,1.5598,0.2856
1.8542,80.739,2.7725,2.5428,-1.1289,2.3261,0.3999,0.4497,0.0498,1.2728,1.5476,0.2748,1.8542,80.739,2.6205,2.3799,-1.0955
2.3416,0.3948,0.4338,0.0389,1.2517,1.5178,0.2661,1.8542,80.739,2.8234,2.5751,-1.1577,2.7566,0.4126,0.459,0.0464,1.3144
1.5558,0.2414,1.8542,80.739,2.5428,2.312,-1.0797,2.5096,0.3909,0.4423,0.0514,1.3068,1.571,0.2643,1.8542,80.739,2.7648
2.5573,-1.0584,2.4005,0.4181,0.4712,0.0531,1.2743,1.5598,0.2856,1.8542,80.739,2.7725,2.5428,-1.1289,2.3261,0.3999,0.4497
0.0498,1.2728,1.5476,0.2748,1.8542,80.739,2.6205,2.3799,-1.0955,2.3416,0.3948,0.4338,0.0389,1.2517,1.5178,0.2661,1.8542
80.739,2.8234,2.5751,-1.1577,2.7566,0.4126,0.459,0.0464,1.3144,1.5558,0.2414,1.8542,80.739,2.5354,2.2242,-1.2127,2.5354
0.3544,0.375,0.0206,1.5594,1.95,0.3906,2.0828,106.14,2.5756,2.2679,-1.2139,2.395,0.3669,0.4004,0.0335,1.6031,1.9769
0.3737,2.0828,106.14,2.5306,2.2173,-1.2164,2.3548,0.3414,0.3594,0.0181,1.6023,1.9626,0.3602,2.0828,106.14,2.5453,2.2077
-1.2253,2.3738,0.3375,0.3635,0.026,1.5126,1.8974,0.3848,2.0828,106.14,2.4371,2.1154,-1.2136,1.9414,0.3039,0.3572,0.0534
1.5687,1.9694,0.4006,2.0828,106.14,2.5354,2.2242,-1.2127,2.5354,0.3544,0.375,0.0206,1.5594,1.95,0.3906,2.0828,106.14
2.5756,2.2679,-1.2139,2.395,0.3669,0.4004,0.0335,1.6031,1.9769,0.3737,2.0828,106.14,2.5306,2.2173,-1.2164,2.3548,0.3414
0.3594,0.0181,1.6023,1.9626,0.3602,2.0828,106.14,2.5453,2.2077,-1.2253,2.3738,0.3375,0.3635,0.026,1.5126,1.8974,0.3848
2.0828,106.14,2.4371,2.1154,-1.2136,1.9414,0.3039,0.3572,0.0534,1.5687,1.9694,0.4006,2.0828,106.14,2.6009,2.2734,-1.2511
2.3554,0.5949,0.5887,-0.0062,1.4985,1.7229,0.2245,1.905,98.8826,2.7217,2.4418,-1.3139,2.3884,0.5889,0.5792,-0.0098,1.5288
1.8271,0.2983,1.905,98.8826,2.6441,2.3388,-1.2986,2.3953,0.5904,0.5586,-0.0319,1.5233,1.7781,0.2548,1.905,98.8826,2.6426
2.3481,-1.2869,2.3379,0.5694,0.5502,-0.0192,1.547,1.7937,0.2467,1.905,98.8826,2.5811,2.2779,-1.2138,2.2025,0.5954,0.573
-0.0223,1.516,1.8074,0.2914,1.905,98.8826,2.7948,2.4756,-1.3473,2.0594,0.58,0.5774,-0.0026,1.5401,1.7906,0.2505,1.905
98.8826,2.6009,2.2734,-1.2511,2.3554,0.5949,0.5887,-0.0062,1.4985,1.7229,0.2245,1.905,98.8826,2.7217,2.4418,-1.3139,2.3884
0.5889,0.5792,-0.0098,1.5288,1.8271,0.2983,1.905,98.8826,2.6441,2.3388,-1.2986,2.3953,0.5904,0.5586,-0.0319,1.5233,1.7781
0.2548,1.905,98.8826,2.6426,2.3481,-1.2869,2.3379,0.5694,0.5502,-0.0192,1.547,1.7937,0.2467,1.905,98.8826,2.5811,2.2779
-1.2138,2.2025,0.5954,0.573,-0.0223,1.516,1.8074,0.2914,1.905,98.8826,2.7948,2.4756,-1.3473,2.0594,0.58,0.5774,-0.0026
1.5401,1.7906,0.2505,1.905,98.8826,2.7036,2.3376,-1.3551,2.3776,0.5458,0.4918,-0.0541,1.4229,1.8018,0.379,1.8288,89.8108
2.7129,2.4134,-1.2438,2.6158,0.5791,0.5551,-0.024,1.468,1.7996,0.3316,1.8288,89.8108,2.8664,2.4659,-1.4648,2.8664,0.5752
0.5538,-0.0214,1.4682,1.7738,0.3056,1.8288,89.8108,2.5473,2.2293,-1.2213,2.3711,0.5978,0.5594,-0.0384,1.3771,1.7407,0.3636
1.8288,89.8108,2.5351,2.2453,-1.1718,2.3657,0.5608,0.5188,-0.042,1.3924,1.7609,0.3685,1.8288,89.8108,2.5383,2.2654,-1.1357
2.4196,0.5706,0.521,-0.0495,1.3951,1.7333,0.3383,1.8288,89.8108,2.5508,2.2418,-1.2078,2.3828,0.5998,0.557,-0.0428,1.4064
1.7777,0.3713,1.8288,89.8108,2.7036,2.3376,-1.3551,2.3776,0.5458,0.4918,-0.0541,1.4229,1.8018,0.379,1.8288,89.8108,2.7129
2.4134,-1.2438,2.6158,0.5791,0.5551,-0.024,1.468,1.7996,0.3316,1.8288,89.8108,2.8664,2.4659,-1.4648,2.8664,0.5752,0.5538
-0.0214,1.4682,1.7738,0.3056,1.8288,89.8108,2.5473,2.2293,-1.2213,2.3711,0.5978,0.5594,-0.0384,1.3771,1.7407,0.3636,1.8288
89.8108,2.5351,2.2453,-1.1718,2.3657,0.5608,0.5188,-0.042,1.3924,1.7609,0.3685,1.8288,89.8108,2.5383,2.2654,-1.1357,2.4196
0.5706,0.521,-0.0495,1.3951,1.7333,0.3383,1.8288,89.8108,2.5508,2.2418,-1.2078,2.3828,0.5998,0.557,-0.0428,1.4064,1.7777
0.3713,1.8288,89.8108,2.0544,1.9853,-1.0372,1.7516,0.3208,0.3404,0.0195,1.4856,1.7955,0.3099,2.0066,97.5219,2.0138,1.8917
-0.7216,1.6874,0.3752,0.4164,0.0412,1.4776,1.7898,0.3122,2.0066,97.5219,2.0499,1.8997,-0.8201,1.6342,0.4055,0.4397,0.0342
1.5129,1.8455,0.3326,2.0066,97.5219,2.0932,1.9219,-0.91,1.6433,0.3355,0.3848,0.0493,1.4908,1.8088,0.318,2.0066,97.5219
1.9898,1.8331,-0.7817,1.5491,0.3539,0.4051,0.0512,1.4043,1.8131,0.4087,2.0066,97.5219,2.0544,1.9853,-1.0372,1.7516,0.3208
0.3404,0.0195,1.4856,1.7955,0.3099,2.0066,97.5219,2.0138,1.8917,-0.7216,1.6874,0.3752,0.4164,0.0412,1.4776,1.7898,0.3122
2.0066,97.5219,2.0499,1.8997,-0.8201,1.6342,0.4055,0.4397,0.0342,1.5129,1.8455,0.3326,2.0066,97.5219,2.0932,1.9219,-0.91
1.6433,0.3355,0.3848,0.0493,1.4908,1.8088,0.318,2.0066,97.5219,1.9898,1.8331,-0.7817,1.5491,0.3539,0.4051,0.0512,1.4043
1.8131,0.4087,2.0066,97.5219,2.5332,2.2587,-1.151,2.4431,0.6102,0.591,-0.0192,1.4316,1.7668,0.3352,1.8288,89.8108,2.5054
2.2135,-1.1945,2.4422,0.554,0.5139,-0.0402,1.4213,1.7669,0.3456,1.8288,89.8108,2.4249,2.1646,-1.0982,2.2349,0.539,0.4949
-0.0441,1.4236,1.7764,0.3528,1.8288,89.8108,2.5948,2.2949,-1.2275,2.4599,0.5822,0.5412,-0.041,1.4249,1.797,0.3721,1.8288
89.8108,2.4723,2.1836,-1.1787,2.3386,0.5687,0.5196,-0.0491,1.4025,1.789,0.3865,1.8288,89.8108,2.5192,2.2478,-1.1544,2.4056
0.5961,0.5675,-0.0285,1.448,1.821,0.3729,1.8288,89.8108,2.5332,2.2587,-1.151,2.4431,0.6102,0.591,-0.0192,1.4316,1.7668
0.3352,1.8288,89.8108,2.5054,2.2135,-1.1945,2.4422,0.554,0.5139,-0.0402,1.4213,1.7669,0.3456,1.8288,89.8108,2.4249,2.1646
-1.0982,2.2349,0.539,0.4949,-0.0441,1.4236,1.7764,0.3528,1.8288,89.8108,2.5948,2.2949,-1.2275,2.4599,0.5822,0.5412,-0.041
1.4249,1.797,0.3721,1.8288,89.8108,2.4723,2.1836,-1.1787,2.3386,0.5687,0.5196,-0.0491,1.4025,1.789,0.3865,1.8288,89.8108
2.5192,2.2478,-1.1544,2.4056,0.5961,0.5675,-0.0285,1.448,1.821,0.3729,1.8288,89.8108,2.6515,2.3573,-1.2236,2.3562,0.4084
0.4837,0.0753,1.46,1.775,0.315,1.8796,94.3467,2.5182,2.3061,-1.2397,2.2844,0.3933,0.4647,0.0714,1.5423,1.8456,0.3032
1.8796,94.3467,2.6507,2.3471,-1.2321,2.6082,0.4682,0.5324,0.0642,1.4867,1.7933,0.3066,1.8796,94.3467,2.646,2.3319,-1.2799
2.5789,0.4153,0.428,0.0127,1.4626,1.7454,0.2828,1.8796,94.3467,2.4963,2.199,-1.1791,2.4963,0.3556,0.4166,0.0611,1.4649
1.7613,0.2964,1.8796,94.3467,2.6515,2.3573,-1.2236,2.3562,0.4084,0.4837,0.0753,1.46,1.775,0.315,1.8796,94.3467,2.5182
2.3061,-1.2397,2.2844,0.3933,0.4647,0.0714,1.5423,1.8456,0.3032,1.8796,94.3467,2.6507,2.3471,-1.2321,2.6082,0.4682,0.5324
0.0642,1.4867,1.7933,0.3066,1.8796,94.3467,2.646,2.3319,-1.2799,2.5789,0.4153,0.428,0.0127,1.4626,1.7454,0.2828,1.8796
94.3467,2.4963,2.199,-1.1791,2.4963,0.3556,0.4166,0.0611,1.4649,1.7613,0.2964,1.8796,94.3467,1.9694,1.7767,-0.8532,1.8542
86.1821,1.976,1.7877,-0.8795,1.8542,86.1821,1.9089,1.7556,-0.7478,1.8542,86.1821,1.9916,1.8275,-0.8128,1.8542,86.1821,2.6325
2.5151,-1.0362,1.8542,86.1821,1.9598,1.776,-0.8317,1.8542,86.1821,1.9989,1.8175,-0.922,1.8542,86.1821,1.9694,1.7767,-0.8532
1.8542,86.1821,1.976,1.7877,-0.8795,1.8542,86.1821,1.9089,1.7556,-0.7478,1.8542,86.1821,1.9916,1.8275,-0.8128,1.8542,86.1821
2.6325,2.5151,-1.0362,1.8542,86.1821,1.9598,1.776,-0.8317,1.8542,86.1821,1.9989,1.8175,-0.922,1.8542,86.1821,2.2996,2.0684
-1.005,1.905,88.4501,2.1918,1.9998,-0.941,1.905,88.4501,2.2037,1.9744,-0.9864,1.905,88.4501,2.1745,1.9655,-0.9297,1.905
88.4501,2.074,1.8984,-0.8724,1.905,88.4501,2.2867,2.0465,-1.0201,1.905,88.4501,2.2996,2.0684,-1.005,1.905,88.4501,2.1918
1.9998,-0.941,1.905,88.4501,2.2037,1.9744,-0.9864,1.905,88.4501,2.1745,1.9655,-0.9297,1.905,88.4501,2.074,1.8984,-0.8724
1.905,88.4501,2.2867,2.0465,-1.0201,1.905,88.4501,2.9614,2.6195,-1.4236,2.8807,0.3943,0.4997,0.1054,1.3297,1.6491,0.3194
1.8542,90.718,2.8943,2.5678,-1.4663,2.8943,0.3254,0.4232,0.0978,1.4001,1.7117,0.3116,1.8542,90.718,2.4502,2.2199,-1.2326
2.4316,0.4299,0.5302,0.1003,1.39,1.7066,0.3166,1.8542,90.718,3.0899,2.766,-1.37,2.6785,0.3801,0.4707,0.0907,1.4275
1.7161,0.2886,1.8542,90.718,3.4043,3.1025,-1.4398,2.7208,0.3933,0.4807,0.0873,1.4539,1.7183,0.2644,1.8542,90.718,2.8212
2.5528,-1.3404,2.2913,0.3752,0.4817,0.1065,1.3785,1.716,0.3375,1.8542,90.718,2.9614,2.6195,-1.4236,2.8807,0.3943,0.4997
0.1054,1.3297,1.6491,0.3194,1.8542,90.718,2.8943,2.5678,-1.4663,2.8943,0.3254,0.4232,0.0978,1.4001,1.7117,0.3116,1.8542
90.718,2.4502,2.2199,-1.2326,2.4316,0.4299,0.5302,0.1003,1.39,1.7066,0.3166,1.8542,90.718,3.0899,2.766,-1.37,2.6785
0.3801,0.4707,0.0907,1.4275,1.7161,0.2886,1.8542,90.718,3.4043,3.1025,-1.4398,2.7208,0.3933,0.4807,0.0873,1.4539,1.7183
0.2644,1.8542,90.718,2.8212,2.5528,-1.3404,2.2913,0.3752,0.4817,0.1065,1.3785,1.716,0.3375,1.8542,90.718,2.8034,2.3894
-1.4408,2.7554,0.5279,0.5538,0.0258,1.5068,1.7893,0.2825,1.8542,79.3783,3.1882,2.7824,-1.7385,3.1882,0.5267,0.5621,0.0353
1.5047,1.7977,0.293,1.8542,79.3783,3.108,2.5744,-1.7434,2.7903,0.5274,0.5502,0.0228,1.542,1.8021,0.26,1.8542,79.3783
3.2046,2.6527,-1.7363,3.2046,0.5895,0.62,0.0305,1.5458,1.8258,0.28,1.8542,79.3783,2.9431,2.4702,-1.6055,2.9431,0.5382
0.5647,0.0265,1.5442,1.8096,0.2654,1.8542,79.3783,3.0554,2.8152,-1.7105,2.9011,0.5991,0.6585,0.0594,1.5757,1.8346,0.2589
1.8542,79.3783,2.8034,2.3894,-1.4408,2.7554,0.5279,0.5538,0.0258,1.5068,1.7893,0.2825,1.8542,79.3783,3.1882,2.7824,-1.7385
3.1882,0.5267,0.5621,0.0353,1.5047,1.7977,0.293,1.8542,79.3783,3.108,2.5744,-1.7434,2.7903,0.5274,0.5502,0.0228,1.542
1.8021,0.26,1.8542,79.3783,3.2046,2.6527,-1.7363,3.2046,0.5895,0.62,0.0305,1.5458,1.8258,0.28,1.8542,79.3783,2.9431
2.4702,-1.6055,2.9431,0.5382,0.5647,0.0265,1.5442,1.8096,0.2654,1.8542,79.3783,3.0554,2.8152,-1.7105,2.9011,0.5991,0.6585
0.0594,1.5757,1.8346,0.2589,1.8542,79.3783,3.2412,2.756,-1.7454,2.7085,0.4705,0.4679,-0.0026,1.4512,1.7508,0.2996,1.778
86.6357,2.8822,2.503,-1.5843,2.1733,0.5153,0.5317,0.0164,1.4282,1.7539,0.3258,1.778,86.6357,2.5519,2.1562,-1.3605,2.0339
0.4848,0.4813,-0.0035,1.4321,1.7439,0.3118,1.778,86.6357,2.818,2.3852,-1.5237,2.1704,0.4858,0.4915,0.0058,1.4423,1.7592
0.3168,1.778,86.6357,2.5299,2.1552,-1.4858,2.1353,0.4519,0.4546,0.0027,1.4111,1.7414,0.3303,1.778,86.6357,2.494,2.1579
-1.3919,2.128,0.4659,0.4769,0.011,1.4387,1.7559,0.3172,1.778,86.6357,2.8822,2.503,-1.5843,1.778,86.6357,2.5299,2.1552
-1.4858,1.778,86.6357,2.494,2.1579,-1.3919,1.778,86.6357,3.2412,2.756,-1.7454,2.7085,0.4705,0.4679,-0.0026,1.4512,1.7508
0.2996,1.778,86.6357,2.8822,2.503,-1.5843,2.1733,0.5153,0.5317,0.0164,1.4282,1.7539,0.3258,1.778,86.6357,2.5519,2.1562
-1.3605,2.0339,0.4848,0.4813,-0.0035,1.4321,1.7439,0.3118,1.778,86.6357,2.818,2.3852,-1.5237,2.1704,0.4858,0.4915,0.0058
1.4423,1.7592,0.3168,1.778,86.6357,2.5299,2.1552,-1.4858,2.1353,0.4519,0.4546,0.0027,1.4111,1.7414,0.3303,1.778,86.6357
2.494,2.1579,-1.3919,2.128,0.4659,0.4769,0.011,1.4387,1.7559,0.3172,1.778,86.6357,2.4093,2.206,-1.0133,2.1129,0.4182
0.4115,-0.0067,1.5785,1.9862,0.4078,1.8796,104.326,2.4685,2.2528,-1.0026,2.2182,0.3954,0.3969,0.0014,1.5448,1.9773,0.4325
1.8796,104.326,2.4187,2.232,-1.024,2.1038,0.4306,0.4236,-0.007,1.5585,1.9659,0.4073,1.8796,104.326,2.6096,2.408,-1.1395
2.3559,0.3845,0.3867,0.0022,1.5708,1.9672,0.3964,1.8796,104.326,2.5571,2.5043,-1.1794,2.4263,0.4078,0.4106,0.0028,1.5387
1.9169,0.3782,1.8796,104.326,2.4852,2.4241,-1.1642,2.1327,0.3937,0.3941,0.0004,1.5525,1.9306,0.3781,1.8796,104.326,2.3743
2.3093,-0.9382,2.1784,0.4681,0.4641,-0.004,1.5101,1.9296,0.4195,1.8796,104.326,2.5976,2.3377,-1.1332,2.3517,0.3969,0.3959
-0.001,1.6168,2.0204,0.4036,1.8796,104.326,2.4093,2.206,-1.0133,2.1129,0.4182,0.4115,-0.0067,1.5785,1.9862,0.4078,1.8796
104.326,2.4685,2.2528,-1.0026,2.2182,0.3954,0.3969,0.0014,1.5448,1.9773,0.4325,1.8796,104.326,2.4187,2.232,-1.024,2.1038
0.4306,0.4236,-0.007,1.5585,1.9659,0.4073,1.8796,104.326,2.6096,2.408,-1.1395,2.3559,0.3845,0.3867,0.0022,1.5708,1.9672
0.3964,1.8796,104.326,2.5571,2.5043,-1.1794,2.4263,0.4078,0.4106,0.0028,1.5387,1.9169,0.3782,1.8796,104.326,2.4852,2.4241
-1.1642,2.1327,0.3937,0.3941,0.0004,1.5525,1.9306,0.3781,1.8796,104.326,2.3743,2.3093,-0.9382,2.1784,0.4681,0.4641,-0.004
1.5101,1.9296,0.4195,1.8796,104.326,2.5976,2.3377,-1.1332,2.3517,0.3969,0.3959,-0.001,1.6168,2.0204,0.4036,1.8796,104.326
1.9652,1.7369,-0.9588,1.778,88.4501,2.9486,2.6634,-1.4965,1.778,88.4501,1.9386,1.7256,-1.0754,1.778,88.4501,2.5775,2.205
-1.472,1.778,88.4501,2.6667,2.4251,-1.3647,1.778,88.4501,2.524,2.3341,-1.2853,1.778,88.4501,3.1191,2.7672,-1.493,1.778
88.4501,2.8955,2.627,-1.5109,1.778,88.4501,1.9652,1.7369,-0.9588,1.778,88.4501,2.9486,2.6634,-1.4965,1.778,88.4501,1.9386
1.7256,-1.0754,1.778,88.4501,2.5775,2.205,-1.472,1.778,88.4501,2.6667,2.4251,-1.3647,1.778,88.4501,2.524,2.3341,-1.2853
1.778,88.4501,3.1191,2.7672,-1.493,1.778,88.4501,2.8955,2.627,-1.5109,1.778,88.4501,1.9827,1.9324,-0.9326,1.6906,0.2598
0.1927,-0.0672,1.3809,1.773,0.3921,1.8796,88.4501,1.8832,1.6892,-0.8644,1.6658,0.2515,0.1872,-0.0642,1.39,1.7688,0.3789
1.8796,88.4501,1.8569,1.6501,-0.8536,1.6272,0.2629,0.2174,-0.0456,1.3954,1.7742,0.3788,1.8796,88.4501,1.9354,1.7018,-0.9649
1.7377,0.2691,0.2131,-0.056,1.3889,1.7713,0.3824,1.8796,88.4501,1.8665,1.6458,-0.8726,1.6323,0.3179,0.29,-0.0279,1.364
1.7509,0.3869,1.8796,88.4501,1.9485,1.7175,-0.937,1.682,0.3137,0.2694,-0.0443,1.3727,1.7405,0.3678,1.8796,88.4501,1.9827
1.9324,-0.9326,1.6906,0.2598,0.1927,-0.0672,1.3809,1.773,0.3921,1.8796,88.4501,1.8832,1.6892,-0.8644,1.6658,0.2515,0.1872
-0.0642,1.39,1.7688,0.3789,1.8796,88.4501,1.8569,1.6501,-0.8536,1.6272,0.2629,0.2174,-0.0456,1.3954,1.7742,0.3788,1.8796
88.4501,1.9354,1.7018,-0.9649,1.7377,0.2691,0.2131,-0.056,1.3889,1.7713,0.3824,1.8796,88.4501,1.8665,1.6458,-0.8726,1.6323
0.3179,0.29,-0.0279,1.364,1.7509,0.3869,1.8796,88.4501,1.9485,1.7175,-0.937,1.682,0.3137,0.2694,-0.0443,1.3727,1.7405
0.3678,1.8796,88.4501,1.9827,1.9324,-0.9326,1.8796,88.4501,1.8832,1.6892,-0.8644,1.8796,88.4501,1.8569,1.6501,-0.8536,1.8796
88.4501,1.9354,1.7018,-0.9649,1.8796,88.4501,1.8665,1.6458,-0.8726,1.8796,88.4501,1.9485,1.7175,-0.937,1.8796,88.4501,1.9827
1.9324,-0.9326,1.8796,88.4501,1.8832,1.6892,-0.8644,1.8796,88.4501,1.8569,1.6501,-0.8536,1.8796,88.4501,1.9354,1.7018,-0.9649
1.8796,88.4501,1.8665,1.6458,-0.8726,1.8796,88.4501,1.9485,1.7175,-0.937,1.8796,88.4501,2.5284,2.3568,-1.0116,1.9492,0.3679
0.4169,0.0491,1.4476,1.7908,0.3432,1.905,92.9859,2.9023,2.5528,-1.3644,1.9588,0.3476,0.4051,0.0575,1.4829,1.8954,0.4125
1.905,92.9859,2.3057,2.0569,-1.1034,1.8979,0.3118,0.3673,0.0556,1.47,1.9063,0.4364,1.905,92.9859,2.225,2.0484,-0.9275
1.8852,0.3453,0.4398,0.0946,1.456,1.8687,0.4127,1.905,92.9859,2.3389,2.1645,-1.0125,1.7665,0.3253,0.3985,0.0732,1.4105
1.8477,0.4372,1.905,92.9859,2.61,2.3851,-1.1093,1.8679,0.3735,0.4401,0.0665,1.4478,1.884,0.4362,1.905,92.9859,2.5284
2.3568,-1.0116,1.9492,0.3679,0.4169,0.0491,1.4476,1.7908,0.3432,1.905,92.9859,2.9023,2.5528,-1.3644,1.9588,0.3476,0.4051
0.0575,1.4829,1.8954,0.4125,1.905,92.9859,2.3057,2.0569,-1.1034,1.8979,0.3118,0.3673,0.0556,1.47,1.9063,0.4364,1.905
92.9859,2.225,2.0484,-0.9275,1.8852,0.3453,0.4398,0.0946,1.456,1.8687,0.4127,1.905,92.9859,2.3389,2.1645,-1.0125,1.7665
0.3253,0.3985,0.0732,1.4105,1.8477,0.4372,1.905,92.9859,2.61,2.3851,-1.1093,1.8679,0.3735,0.4401,0.0665,1.4478,1.884
0.4362,1.905,92.9859,1.9705,1.7883,-0.9808,1.472,0.564,0.6309,0.0669,1.4108,1.7887,0.3779,1.8796,99.7898,2.0263,1.8213
-0.9342,1.5554,0.5438,0.6025,0.0587,1.4268,1.7918,0.365,1.8796,99.7898,1.9205,1.7465,-0.8244,1.4017,0.5221,0.604,0.082
1.3748,1.7882,0.4135,1.8796,99.7898,1.9242,1.7455,-0.9416,1.5894,0.55,0.6141,0.0642,1.4061,1.7773,0.3712,1.8796,99.7898
2.0934,1.9705,-1.0291,1.5148,0.4847,0.5435,0.0588,1.3996,1.7754,0.3758,1.8796,99.7898,1.9784,1.8052,-0.8639,1.4055,0.4876
0.5748,0.0871,1.3305,1.7803,0.4498,1.8796,99.7898,1.9705,1.7883,-0.9808,1.8796,99.7898,1.9846,1.7737,-0.9091,1.8796,99.7898
2.0263,1.8213,-0.9342,1.8796,99.7898,1.9205,1.7465,-0.8244,1.8796,99.7898,1.9242,1.7455,-0.9416,1.8796,99.7898,2.0934,1.9705
-1.0291,1.8796,99.7898,1.9784,1.8052,-0.8639,1.8796,99.7898,2.3542,2.0426,-1.1755,2.1274,0.4581,0.4346,-0.0235,1.4368,1.783
0.3462,1.8288,83.9141,2.4317,2.1345,-1.1759,2.1207,0.4317,0.3994,-0.0323,1.434,1.767,0.333,1.8288,83.9141,2.5101,2.1671
-1.2665,2.3876,0.4658,0.4509,-0.0149,1.3974,1.7476,0.3502,1.8288,83.9141,2.3387,2.0582,-1.125,2.179,0.3754,0.3549,-0.0204
1.4979,1.8559,0.358,1.8288,83.9141,2.4003,2.1151,-1.1554,2.1112,0.3526,0.34,-0.0127,1.4521,1.8334,0.3812,1.8288,83.9141
2.4199,2.1352,-1.1533,2.1819,0.3835,0.3776,-0.0059,1.4986,1.8626,0.364,1.8288,83.9141,2.3542,2.0426,-1.1755,2.1274,0.4581
0.4346,-0.0235,1.4368,1.783,0.3462,1.8288,83.9141,2.4317,2.1345,-1.1759,2.1207,0.4317,0.3994,-0.0323,1.434,1.767,0.333
1.8288,83.9141,2.5101,2.1671,-1.2665,2.3876,0.4658,0.4509,-0.0149,1.3974,1.7476,0.3502,1.8288,83.9141,2.3387,2.0582,-1.125
2.179,0.3754,0.3549,-0.0204,1.4979,1.8559,0.358,1.8288,83.9141,2.4003,2.1151,-1.1554,2.1112,0.3526,0.34,-0.0127,1.4521
1.8334,0.3812,1.8288,83.9141,2.4199,2.1352,-1.1533,2.1819,0.3835,0.3776,-0.0059,1.4986,1.8626,0.364,1.8288,83.9141,2.2421
1.9791,-1.0535,1.8902,0.3838,0.3911,0.0073,1.4183,1.6215,0.2032,1.8542,97.5219,2.361,2.075,-1.1907,1.5772,0.2682,0.258
-0.0102,1.2501,1.5605,0.3105,1.8542,97.5219,2.2678,2.0106,-1.0489,1.6754,0.3562,0.3666,0.0104,1.3667,1.6408,0.274,1.8542
97.5219,2.3195,2.0481,-1.0871,1.7985,0.336,0.3418,0.0057,1.4191,1.6724,0.2533,1.8542,97.5219,2.2321,1.9577,-1.0721,1.654
0.339,0.3604,0.0214,1.3545,1.6724,0.3179,1.8542,97.5219,2.1968,1.9491,-1.0223,1.7179,0.3606,0.3834,0.0228,1.3579,1.6365
0.2785,1.8542,97.5219,2.2421,1.9791,-1.0535,1.8902,0.3838,0.3911,0.0073,1.4183,1.6215,0.2032,1.8542,97.5219,2.361,2.075
-1.1907,1.5772,0.2682,0.258,-0.0102,1.2501,1.5605,0.3105,1.8542,97.5219,2.2678,2.0106,-1.0489,1.6754,0.3562,0.3666,0.0104
1.3667,1.6408,0.274,1.8542,97.5219,2.3195,2.0481,-1.0871,1.7985,0.336,0.3418,0.0057,1.4191,1.6724,0.2533,1.8542,97.5219
2.2321,1.9577,-1.0721,1.654,0.339,0.3604,0.0214,1.3545,1.6724,0.3179,1.8542,97.5219,2.1968,1.9491,-1.0223,1.7179,0.3606
0.3834,0.0228,1.3579,1.6365,0.2785,1.8542,97.5219,2.0808,1.8357,-0.9278,1.9829,0.4178,0.4985,0.0807,1.363,1.6396,0.2766
1.9304,102.058,2.5365,2.3425,-0.9337,1.8619,0.4953,0.5862,0.0909,1.3157,1.6207,0.3051,1.9304,102.058,2.1583,1.9136,-0.9765
1.84,0.4918,0.5894,0.0976,1.3164,1.6441,0.3277,1.9304,102.058,2.188,1.9349,-0.9908,1.8092,0.4423,0.5068,0.0645,1.2983
1.6005,0.3022,1.9304,102.058,2.1676,1.9047,-1.0087,1.833,0.4685,0.5473,0.0788,1.3145,1.6133,0.2988,1.9304,102.058,2.1864
1.9549,-0.9106,1.8222,0.4711,0.5507,0.0796,1.3442,1.6455,0.3013,1.9304,102.058,2.0808,1.8357,-0.9278,1.9829,0.4178,0.4985
0.0807,1.363,1.6396,0.2766,1.9304,102.058,2.5365,2.3425,-0.9337,1.8619,0.4953,0.5862,0.0909,1.3157,1.6207,0.3051,1.9304
102.058,2.1583,1.9136,-0.9765,1.84,0.4918,0.5894,0.0976,1.3164,1.6441,0.3277,1.9304,102.058,2.188,1.9349,-0.9908,1.8092
0.4423,0.5068,0.0645,1.2983,1.6005,0.3022,1.9304,102.058,2.1676,1.9047,-1.0087,1.833,0.4685,0.5473,0.0788,1.3145,1.6133
0.2988,1.9304,102.058,2.1864,1.9549,-0.9106,1.8222,0.4711,0.5507,0.0796,1.3442,1.6455,0.3013,1.9304,102.058,2.2112,1.939
-1.106,1.7693,0.5072,0.5064,-0.0008,1.2447,1.5507,0.306,1.8796,83.9141,2.222,1.9378,-1.0964,1.7762,0.4253,0.4318,0.0065
1.3129,1.6735,0.3607,1.8796,83.9141,2.1672,1.9135,-1.0668,1.7714,0.4452,0.4733,0.0281,1.3117,1.6774,0.3657,1.8796,83.9141
2.2783,1.9616,-1.1585,1.7409,0.4417,0.4488,0.0071,1.2979,1.6422,0.3443,1.8796,83.9141,2.4023,2.0583,-1.2426,1.9552,0.4973
0.4963,-0.001,1.2931,1.5915,0.2984,1.8796,83.9141,2.4998,2.2672,-1.3869,1.5571,0.4691,0.48,0.0109,1.2126,1.5706,0.3581
1.8796,83.9141,2.2112,1.939,-1.106,1.7693,0.5072,0.5064,-0.0008,1.2447,1.5507,0.306,1.8796,83.9141,2.222,1.9378,-1.0964
1.7762,0.4253,0.4318,0.0065,1.3129,1.6735,0.3607,1.8796,83.9141,2.1672,1.9135,-1.0668,1.7714,0.4452,0.4733,0.0281,1.3117
1.6774,0.3657,1.8796,83.9141,2.2783,1.9616,-1.1585,1.7409,0.4417,0.4488,0.0071,1.2979,1.6422,0.3443,1.8796,83.9141,2.4023
2.0583,-1.2426,1.9552,0.4973,0.4963,-0.001,1.2931,1.5915,0.2984,1.8796,83.9141,2.4998,2.2672,-1.3869,1.5571,0.4691,0.48
0.0109,1.2126,1.5706,0.3581,1.8796,83.9141,2.9625,2.6736,-1.3415,1.8542,88.4501,3.4285,3.1107,-1.531,1.8542,88.4501,3.583
3.3472,-1.4354,1.8542,88.4501,2.134,1.9028,-1.0692,1.8542,88.4501,2.9996,2.8927,-1.215,1.8542,88.4501,2.4273,2.1869,-1.354
1.8542,88.4501,2.2136,1.9759,-1.073,1.8542,88.4501,2.9625,2.6736,-1.3415,1.8542,88.4501,3.4285,3.1107,-1.531,1.8542,88.4501
3.583,3.3472,-1.4354,1.8542,88.4501,2.134,1.9028,-1.0692,1.8542,88.4501,2.9996,2.8927,-1.215,1.8542,88.4501,2.4273,2.1869
-1.354,1.8542,88.4501,2.2136,1.9759,-1.073,1.8542,88.4501,2.0587,1.9017,-0.7824,2.0249,0.5465,0.5181,-0.0284,1.3508,1.5821
0.2313,1.8034,73.4816,2.0346,1.8514,-0.8291,1.7348,0.5359,0.4954,-0.0404,1.3323,1.5583,0.226,1.8034,73.4816,2.1292,1.9451
-0.8638,1.7002,0.5717,0.555,-0.0167,1.3427,1.5567,0.214,1.8034,73.4816,2.0263,1.8518,-0.8191,1.7014,0.5138,0.4758,-0.0381
1.413,1.6208,0.2078,1.8034,73.4816,2.1226,1.9666,-0.8256,1.5981,0.5413,0.5069,-0.0344,1.3862,1.625,0.2388,1.8034,73.4816
2.0355,1.9638,-0.8461,1.712,0.5504,0.5147,-0.0357,1.3814,1.6024,0.2209,1.8034,73.4816,2.1547,1.9592,-0.8951,1.8657,0.5212
0.4935,-0.0277,1.37,1.5895,0.2195,1.8034,73.4816,2.0587,1.9017,-0.7824,2.0249,0.5465,0.5181,-0.0284,1.3508,1.5821,0.2313
1.8034,73.4816,2.0346,1.8514,-0.8291,1.7348,0.5359,0.4954,-0.0404,1.3323,1.5583,0.226,1.8034,73.4816,2.1292,1.9451,-0.8638
1.7002,0.5717,0.555,-0.0167,1.3427,1.5567,0.214,1.8034,73.4816,2.0263,1.8518,-0.8191,1.7014,0.5138,0.4758,-0.0381,1.413
1.6208,0.2078,1.8034,73.4816,2.1226,1.9666,-0.8256,1.5981,0.5413,0.5069,-0.0344,1.3862,1.625,0.2388,1.8034,73.4816,2.0355
1.9638,-0.8461,1.712,0.5504,0.5147,-0.0357,1.3814,1.6024,0.2209,1.8034,73.4816,2.1547,1.9592,-0.8951,1.8657,0.5212,0.4935
-0.0277,1.37,1.5895,0.2195,1.8034,73.4816,2.8945,2.7987,-1.0309,2.1994,0.5728,0.6582,0.0855,1.4472,1.6977,0.2505,1.8288
90.718,2.7352,2.5964,-1.1855,2.4057,0.6361,0.7308,0.0947,1.4383,1.7133,0.275,1.8288,90.718,2.7491,2.6873,-0.86,1.9594
0.5923,0.686,0.0937,1.4441,1.6728,0.2287,1.8288,90.718,2.348,2.243,-0.8704,1.9117,0.5667,0.6573,0.0906,1.4247,1.7123
0.2877,1.8288,90.718,3.1347,3.0707,-0.8396,1.9493,0.6167,0.7024,0.0857,1.4371,1.6566,0.2196,1.8288,90.718,2.8945,2.7987
-1.0309,2.1994,0.5728,0.6582,0.0855,1.4472,1.6977,0.2505,1.8288,90.718,2.7352,2.5964,-1.1855,2.4057,0.6361,0.7308,0.0947
1.4383,1.7133,0.275,1.8288,90.718,2.7491,2.6873,-0.86,1.9594,0.5923,0.686,0.0937,1.4441,1.6728,0.2287,1.8288,90.718
2.348,2.243,-0.8704,1.9117,0.5667,0.6573,0.0906,1.4247,1.7123,0.2877,1.8288,90.718,3.1347,3.0707,-0.8396,1.9493,0.6167
0.7024,0.0857,1.4371,1.6566,0.2196,1.8288,90.718,2.012,1.8868,-0.9112,1.6639,0.3645,0.3515,-0.013,1.3343,1.5565,0.2222
1.778,80.739,2.2937,2.0527,-1.2061,1.7098,0.3672,0.3627,-0.0045,1.4955,1.7583,0.2628,1.778,80.739,2.0577,1.9269,-0.9869
1.6034,0.3443,0.3418,-0.0026,1.4545,1.6931,0.2386,1.778,80.739,0.3119,0.2995,-0.0124,1.5397,1.786,0.2462,1.778,80.739
0.3851,0.3827,-0.0023,1.3873,1.6538,0.2666,1.778,80.739,0.3501,0.3386,-0.0115,1.481,1.7182,0.2372,1.778,80.739,0.3266
0.3149,-0.0117,1.4908,1.7625,0.2717,1.778,80.739,2.012,1.8868,-0.9112,1.6639,0.3645,0.3515,-0.013,1.3343,1.5565,0.2222
1.778,80.739,2.2937,2.0527,-1.2061,1.7098,0.3672,0.3627,-0.0045,1.4955,1.7583,0.2628,1.778,80.739,2.0577,1.9269,-0.9869
1.6034,0.3443,0.3418,-0.0026,1.4545,1.6931,0.2386,1.778,80.739,0.3119,0.2995,-0.0124,1.5397,1.786,0.2462,1.778,80.739
0.3851,0.3827,-0.0023,1.3873,1.6538,0.2666,1.778,80.739,0.3501,0.3386,-0.0115,1.481,1.7182,0.2372,1.778,80.739,0.3266
0.3149,-0.0117,1.4908,1.7625,0.2717,1.778,80.739,2.6837,2.4558,-1.0814,2.4741,0.3534,0.3571,0.0037,1.4526,1.6068,0.1542
1.651,68.0385,2.6674,2.4251,-1.1226,2.5427,0.4015,0.4056,0.0041,1.431,1.5934,0.1624,1.651,68.0385,2.5741,2.3587,-1.0727
2.3634,0.4158,0.4273,0.0115,1.3556,1.5406,0.185,1.651,68.0385,0.4645,0.4772,0.0126,1.38,1.5409,0.1609,1.651,68.0385
0.3609,0.3699,0.009,1.4025,1.5417,0.1392,1.651,68.0385,0.444,0.4599,0.0159,1.3591,1.506,0.1469,1.651,68.0385,2.6837
2.4558,-1.0814,2.4741,0.3534,0.3571,0.0037,1.4526,1.6068,0.1542,1.651,68.0385,2.6674,2.4251,-1.1226,2.5427,0.4015,0.4056
0.0041,1.431,1.5934,0.1624,1.651,68.0385,2.5741,2.3587,-1.0727,2.3634,0.4158,0.4273,0.0115,1.3556,1.5406,0.185,1.651
68.0385,0.4645,0.4772,0.0126,1.38,1.5409,0.1609,1.651,68.0385,0.3609,0.3699,0.009,1.4025,1.5417,0.1392,1.651,68.0385
0.444,0.4599,0.0159,1.3591,1.506,0.1469,1.651,68.0385,2.6943,2.3382,-1.3408,2.5454,0.2435,0.2572,0.0136,1.1549,1.5555
0.4007,1.8288,83.9141,2.7714,2.3802,-1.4307,2.6345,0.2861,0.2968,0.0107,1.1367,1.5398,0.4031,1.8288,83.9141,0,0
0,0,0.2649,0.2602,-0.0046,1.1862,1.587,0.4008,1.8288,83.9141,2.6279,2.3142,-1.2421,2.3958,0.3401,0.3489,0.0088
1.214,1.5959,0.3819,1.8288,83.9141,2.819,2.4167,-1.4558,2.6583,0.2848,0.2896,0.0048,1.168,1.5583,0.3902,1.8288,83.9141
2.8291,2.4481,-1.418,2.7286,0.2919,0.2924,0.0004,1.1865,1.572,0.3855,1.8288,83.9141,2.6943,2.3382,-1.3408,2.5454,0.2435
0.2572,0.0136,1.1549,1.5555,0.4007,1.8288,83.9141,2.7714,2.3802,-1.4307,2.6345,0.2861,0.2968,0.0107,1.1367,1.5398,0.4031
1.8288,83.9141,0,0,0,0,0.2649,0.2602,-0.0046,1.1862,1.587,0.4008,1.8288,83.9141,2.6279,2.3142,-1.2421
2.3958,0.3401,0.3489,0.0088,1.214,1.5959,0.3819,1.8288,83.9141,2.819,2.4167,-1.4558,2.6583,0.2848,0.2896,0.0048,1.168
1.5583,0.3902,1.8288,83.9141,2.8291,2.4481,-1.418,2.7286,0.2919,0.2924,0.0004,1.1865,1.572,0.3855,1.8288,83.9141,1.9913
1.7634,1.778,79.3783,2.0511,1.8418,1.778,79.3783,2.0816,1.8653,1.778,79.3783,2.0313,1.8282,1.778,79.3783,2.1971,1.9626
1.778,79.3783,2.1048,1.9015,1.778,79.3783,1.778,79.3783,1.778,79.3783,1.9913,1.7634,1.778,79.3783,2.0511,1.8418,1.778
79.3783,2.0816,1.8653,1.778,79.3783,2.0313,1.8282,1.778,79.3783,2.1971,1.9626,1.778,79.3783,2.1048,1.9015,1.778,79.3783
1.778,79.3783,1.778,79.3783,2.3434,2.0717,-1.1446,2.3016,0.5705,0.5911,0.0205,1.3334,1.6576,0.3242,1.8288,83.9141,2.2855
2.0474,-1.108,2.2732,0.6287,0.6476,0.0189,1.3197,1.6442,0.3245,1.8288,83.9141,2.332,2.0679,-1.0766,2.1313,0.5961,0.6214
0.0253,1.2755,1.6328,0.3573,1.8288,83.9141,2.3688,2.0869,-1.1808,2.3688,0.5837,0.6006,0.0169,1.3057,1.6332,0.3274,1.8288
83.9141,0.5876,0.5992,0.0116,1.3126,1.6334,0.3207,1.8288,83.9141,0.5568,0.5829,0.026,1.2723,1.6549,0.3826,1.8288,83.9141
0.6453,0.6729,0.0276,1.3041,1.6443,0.3402,1.8288,83.9141,2.3434,2.0717,-1.1446,2.3016,0.5705,0.5911,0.0205,1.3334,1.6576
0.3242,1.8288,83.9141,2.2855,2.0474,-1.108,2.2732,0.6287,0.6476,0.0189,1.3197,1.6442,0.3245,1.8288,83.9141,2.332,2.0679
-1.0766,2.1313,0.5961,0.6214,0.0253,1.2755,1.6328,0.3573,1.8288,83.9141,2.3688,2.0869,-1.1808,2.3688,0.5837,0.6006,0.0169
1.3057,1.6332,0.3274,1.8288,83.9141,0.5876,0.5992,0.0116,1.3126,1.6334,0.3207,1.8288,83.9141,0.5568,0.5829,0.026,1.2723
1.6549,0.3826,1.8288,83.9141,0.6453,0.6729,0.0276,1.3041,1.6443,0.3402,1.8288,83.9141,2.4849,2.4539,-0.9381,1.7297,0.714
0.7805,0.0665,1.3395,1.6555,0.316,1.8288,83.9141,2.4103,2.3871,-0.9512,1.8454,0.7311,0.8038,0.0727,1.3466,1.6663,0.3197
1.8288,83.9141,2.2103,2.173,-0.9822,1.8468,0.6473,0.7141,0.0668,1.2721,1.6502,0.3781,1.8288,83.9141,3.4525,3.4273,-1.007
1.7941,0.684,0.7156,0.0316,1.3654,1.6332,0.2678,1.8288,83.9141,0.635,0.6695,0.0345,1.3508,1.6501,0.2993,1.8288,83.9141
0.7476,0.804,0.0564,1.3761,1.6737,0.2975,1.8288,83.9141,0.6838,0.7266,0.0428,1.3818,1.6679,0.2861,1.8288,83.9141,2.4849
2.4539,-0.9381,1.7297,0.714,0.7805,0.0665,1.3395,1.6555,0.316,1.8288,83.9141,2.4103,2.3871,-0.9512,1.8454,0.7311,0.8038
0.0727,1.3466,1.6663,0.3197,1.8288,83.9141,2.2103,2.173,-0.9822,1.8468,0.6473,0.7141,0.0668,1.2721,1.6502,0.3781,1.8288
83.9141,3.4525,3.4273,-1.007,1.7941,0.684,0.7156,0.0316,1.3654,1.6332,0.2678,1.8288,83.9141,0.635,0.6695,0.0345,1.3508
1.6501,0.2993,1.8288,83.9141,0.7476,0.804,0.0564,1.3761,1.6737,0.2975,1.8288,83.9141,0.6838,0.7266,0.0428,1.3818,1.6679
0.2861,1.8288,83.9141,2.5541,2.3502,1.9304,103.419,2.2501,2.0586,1.9304,103.419,2.6055,2.4551,1.9304,103.419,2.3144,2.2573
1.9304,103.419,2.208,2.1344,1.9304,103.419,1.9167,1.7282,1.9304,103.419,2.5541,2.3502,1.9304,103.419,2.2501,2.0586,1.9304
103.419,2.6055,2.4551,1.9304,103.419,2.3144,2.2573,1.9304,103.419,2.208,2.1344,1.9304,103.419,1.9167,1.7282,1.9304,103.419
3.3367,2.8906,1.9304,51.2557,3.5513,3.0941,1.9304,51.2557,3.319,2.902,1.9304,51.2557,3.5884,3.062,1.9304,51.2557,1.9304
51.2557,1.9304,51.2557,1.9304,51.2557,3.3367,2.8906,1.9304,51.2557,3.5513,3.0941,1.9304,51.2557,3.319,2.902,1.9304,51.2557
3.5884,3.062,1.9304,51.2557,1.9304,51.2557,1.9304,51.2557,1.9304,51.2557,2.4301,2.2377,-0.998,2.3714,0.6339,0.7155,0.0816
1.6207,1.8956,0.2749,1.905,81.6462,2.963,2.8072,-1.0669,2.3327,0.6588,0.739,0.0802,1.6794,1.9227,0.2433,1.905,81.6462
3.1198,2.9939,-1.1261,2.3133,0.6238,0.6863,0.0625,1.7157,1.959,0.2433,1.905,81.6462,2.7861,2.6983,-1.091,1.5439,0.6449
0.7613,0.1164,1.5791,1.9549,0.3758,1.905,81.6462,2.466,2.3556,-1.0215,2.3611,0.6671,0.748,0.0809,1.6358,1.9096,0.2739
1.905,81.6462,3.1506,2.9443,-1.2082,2.4552,0.7024,0.7819,0.0795,1.7096,1.9828,0.2732,1.905,81.6462,2.4846,2.2921,-1.0039
2.2842,0.6279,0.7236,0.0958,1.562,1.8468,0.2849,1.905,81.6462,2.5317,2.3991,-1.0897,2.3823,0.6644,0.745,0.0806,1.6335
1.9168,0.2833,1.905,81.6462,2.4301,2.2377,-0.998,2.3714,0.6339,0.7155,0.0816,1.6207,1.8956,0.2749,1.905,81.6462,2.963
2.8072,-1.0669,2.3327,0.6588,0.739,0.0802,1.6794,1.9227,0.2433,1.905,81.6462,3.1198,2.9939,-1.1261,2.3133,0.6238,0.6863
0.0625,1.7157,1.959,0.2433,1.905,81.6462,2.7861,2.6983,-1.091,1.5439,0.6449,0.7613,0.1164,1.5791,1.9549,0.3758,1.905
81.6462,2.466,2.3556,-1.0215,2.3611,0.6671,0.748,0.0809,1.6358,1.9096,0.2739,1.905,81.6462,3.1506,2.9443,-1.2082,2.4552
0.7024,0.7819,0.0795,1.7096,1.9828,0.2732,1.905,81.6462,2.4846,2.2921,-1.0039,2.2842,0.6279,0.7236,0.0958,1.562,1.8468
0.2849,1.905,81.6462,2.5317,2.3991,-1.0897,2.3823,0.6644,0.745,0.0806,1.6335,1.9168,0.2833,1.905,81.6462,2.4138,2.2739
1.8542,83.9141,2.1817,1.9629,1.8542,83.9141,2.1097,1.9246,1.8542,83.9141,2.136,1.9213,1.8542,83.9141,2.0802,1.8812,1.8542
83.9141,2.1278,1.9003,1.8542,83.9141,2.4138,2.2739,1.8542,83.9141,2.1817,1.9629,1.8542,83.9141,2.1097,1.9246,1.8542,83.9141
2.136,1.9213,1.8542,83.9141,2.0802,1.8812,1.8542,83.9141,2.1278,1.9003,1.8542,83.9141,2.2693,2.0456,1.8796,83.9141,3.5513
3.5108,1.8796,83.9141,2.9253,2.8939,1.8796,83.9141,2.336,2.1834,1.8796,83.9141,3.5596,3.3138,1.8796,83.9141,2.5555,2.388
1.8796,83.9141,2.3158,2.1686,1.8796,83.9141,1.8796,83.9141,2.2693,2.0456,1.8796,83.9141,3.5513,3.5108,1.8796,83.9141,2.9253
2.8939,1.8796,83.9141,2.336,2.1834,1.8796,83.9141,3.5596,3.3138,1.8796,83.9141,2.5555,2.388,1.8796,83.9141,2.3158,2.1686
1.8796,83.9141,1.8796,83.9141,0.8943,0.9282,0.034,1.8167,2.0137,0.197,1.9304,95.2539,0.856,0.9025,0.0466,1.7174,2.0576
0.3403,1.9304,95.2539,0.862,0.9215,0.0595,1.7506,2.0757,0.3251,1.9304,95.2539,0.8826,0.9239,0.0413,1.7504,2.0693,0.3188
1.9304,95.2539,0.872,0.9136,0.0416,1.7673,2.089,0.3218,1.9304,95.2539,0.8943,0.9282,0.034,1.8167,2.0137,0.197,1.9304
95.2539,0.856,0.9025,0.0466,1.7174,2.0576,0.3403,1.9304,95.2539,0.862,0.9215,0.0595,1.7506,2.0757,0.3251,1.9304,95.2539
0.8826,0.9239,0.0413,1.7504,2.0693,0.3188,1.9304,95.2539,0.872,0.9136,0.0416,1.7673,2.089,0.3218,1.9304,95.2539,1.9304
83.9141,1.8542,83.9141,1.9812,106.594,1.8796,95.2539,1.905,102.058,1.8796,102.058,1.8796,102.058,1.8796,102.058,1.8796,102.058
1.8796,102.058,1.8796,102.058,1.8796,102.058,1.8796,102.058,1.8796,102.058,1.8796,102.058,1.8796,102.058,1.8796,102.058,1.8796
102.058,1.8796,102.058,1.8796,102.058,1.8796,102.058,1.8796,102.058,1.8796,102.058,1.8796,102.058,1.8796,102.058,1.8288,80.739
1.905,99.7898,1.9304,90.718,1.905,92.0788,1.778,81.6462,1.8288,89.3572,1.8796,88.4501,0.1575,106.594,0.1575,106.594,0.1575
106.594,0.1575,106.594,1.8034,85.2749,1.9304,92.9859,1.8796,87.9965,1.8796,87.9965,1.9812,106.594,1.9812,106.594,1.8542,88.4501
1.8542,88.4501,1.8542,88.4501,1.8288,96.1611,1.8288,96.1611,1.9304,80.739,1.9304,80.739,1.9304,80.739,1.9304,80.739,1.9304
80.739,1.9304,80.739,1.9304,80.739,1.9304,80.739,1.9304,80.739,1.9304,97.5219,1.9304,97.5219,1.9304,97.5219,1.9304,97.5219
1.9304,97.5219,1.9304,97.5219,1.9304,97.5219,1.9304,97.5219,1.9812,92.9859,1.8796,86.1821,1.8288,83.9141,1.8542,95.2539,1.8542
95.2539,1.8542,95.2539,1.8542,95.2539,1.8542,95.2539,1.8542,95.2539,1.9304,99.7898,1.9304,99.7898,1.9304,99.7898,1.9812,106.594
1.9558,97.5219,1.8034,99.7898,1.8034,99.7898,1.8034,99.7898,1.8542,98.8826,1.8542,98.8826,1.8542,98.8826,1.8542,98.8826,1.778
77.1103,1.778,77.1103,1.9304,90.718,1.9304,90.718,1.9304,90.718,1.9304,90.718,1.9304,90.718,1.9304,90.718,1.8542,98.8826
1.8542,98.8826,1.8288,90.718,1.8288,97.5219,1.8288,97.5219,0.1626,92.9859,0.1626,92.9859,1.8542,86.1821,1.9558,102.058,1.9558
102.058,1.9558,102.058,1.8288,81.6462,1.9304,104.326,1.8288,75.7495,1.8542,83.007,1.8542,83.007,1.8542,88.4501,1.8542,88.4501
1.8542,88.4501,1.8542,70.3064,1.8542,81.6462,1.8034,83.9141,,,,,,,,,
